INSERT INTO COUNTRIES VALUES ('AR', 'Argentina', 20);
INSERT INTO COUNTRIES VALUES ('AU', 'Australia', 40);
INSERT INTO COUNTRIES VALUES ('BE', 'Belgium', 10);
INSERT INTO COUNTRIES VALUES ('BR', 'Brazil', 20);
INSERT INTO COUNTRIES VALUES ('CA', 'Canada', 20);
INSERT INTO COUNTRIES VALUES ('CH', 'Switzerland', 10);
INSERT INTO COUNTRIES VALUES ('CN', 'China', 30);
INSERT INTO COUNTRIES VALUES ('DE', 'Germany', 10);
INSERT INTO COUNTRIES VALUES ('DK', 'Denmark', 10);
INSERT INTO COUNTRIES VALUES ('EG', 'Egypt', 50);
INSERT INTO COUNTRIES VALUES ('FR', 'France', 10);
INSERT INTO COUNTRIES VALUES ('GB', 'United Kingdom of Great Britain and Northern Ireland', 10);
INSERT INTO COUNTRIES VALUES ('IL', 'Israel', 30);
INSERT INTO COUNTRIES VALUES ('IN', 'India', 30);
INSERT INTO COUNTRIES VALUES ('IT', 'Italy', 10);
INSERT INTO COUNTRIES VALUES ('JP', 'Japan', 30);
INSERT INTO COUNTRIES VALUES ('KW', 'Kuwait', 30);
INSERT INTO COUNTRIES VALUES ('ML', 'Malaysia', 30);
INSERT INTO COUNTRIES VALUES ('MX', 'Mexico', 20);
INSERT INTO COUNTRIES VALUES ('NG', 'Nigeria', 50);
INSERT INTO COUNTRIES VALUES ('NL', 'Netherlands', 10);
INSERT INTO COUNTRIES VALUES ('SG', 'Singapore', 30);
INSERT INTO COUNTRIES VALUES ('US', 'United States of America', 20);
INSERT INTO COUNTRIES VALUES ('ZM', 'Zambia', 50);
INSERT INTO COUNTRIES VALUES ('ZW', 'Zimbabwe', 50);


INSERT INTO DEPARTMENTS VALUES (10, 'Administration', 200, 1700);
INSERT INTO DEPARTMENTS VALUES (20, 'Marketing', 201, 1800);
INSERT INTO DEPARTMENTS VALUES (30, 'Purchasing', 114, 1700);
INSERT INTO DEPARTMENTS VALUES (40, 'Human Resources', 203, 2400);
INSERT INTO DEPARTMENTS VALUES (50, 'Shipping', 121, 1500);
INSERT INTO DEPARTMENTS VALUES (60, 'IT', 103, 1400);
INSERT INTO DEPARTMENTS VALUES (70, 'Public Relations', 204, 2700);
INSERT INTO DEPARTMENTS VALUES (80, 'Sales', 145, 2500);
INSERT INTO DEPARTMENTS VALUES (90, 'Executive', 100, 1700);
INSERT INTO DEPARTMENTS VALUES (100, 'Finance', 108, 1700);
INSERT INTO DEPARTMENTS VALUES (110, 'Accounting', 205, 1700);
INSERT INTO DEPARTMENTS VALUES (120, 'Treasury', , 1700);
INSERT INTO DEPARTMENTS VALUES (130, 'Corporate Tax', , 1700);
INSERT INTO DEPARTMENTS VALUES (140, 'Control And Credit', , 1700);
INSERT INTO DEPARTMENTS VALUES (150, 'Shareholder Services', , 1700);
INSERT INTO DEPARTMENTS VALUES (160, 'Benefits', , 1700);
INSERT INTO DEPARTMENTS VALUES (170, 'Manufacturing', , 1700);
INSERT INTO DEPARTMENTS VALUES (180, 'Construction', , 1700);
INSERT INTO DEPARTMENTS VALUES (190, 'Contracting', , 1700);
INSERT INTO DEPARTMENTS VALUES (200, 'Operations', , 1700);
INSERT INTO DEPARTMENTS VALUES (210, 'IT Support', , 1700);
INSERT INTO DEPARTMENTS VALUES (220, 'NOC', , 1700);
INSERT INTO DEPARTMENTS VALUES (230, 'IT Helpdesk', , 1700);
INSERT INTO DEPARTMENTS VALUES (240, 'Government Sales', , 1700);
INSERT INTO DEPARTMENTS VALUES (250, 'Retail Sales', , 1700);
INSERT INTO DEPARTMENTS VALUES (260, 'Recruiting', , 1700);
INSERT INTO DEPARTMENTS VALUES (270, 'Payroll', , 1700);


INSERT INTO EMP VALUES (161, 'Sarath Sewall', 80, '2022/09/03', 7000);
INSERT INTO EMP VALUES (167, 'Amit Banda', 80, '2024/02/21', 6200);
INSERT INTO EMP VALUES (172, 'Elizabeth Bates', 80, '2023/01/24', 7300);
INSERT INTO EMP VALUES (178, 'Kimberely Grant', , '2023/03/24', 7000);
INSERT INTO EMP VALUES (183, 'Girard Geoni', 50, '2023/12/03', 2800);
INSERT INTO EMP VALUES (188, 'Kelly Chung', 50, '2021/04/14', 3800);
INSERT INTO EMP VALUES (193, 'Britney Everett', 50, '2021/01/03', 3900);
INSERT INTO EMP VALUES (100, 'Steven King', 90, '2019/04/17', 24000);
INSERT INTO EMP VALUES (101, 'Neena Yang', 90, '2021/07/21', 17000);
INSERT INTO EMP VALUES (102, 'Lex Garcia', 90, '2016/11/13', 17000);
INSERT INTO EMP VALUES (103, 'Alexander James', 60, '2021/11/03', 9000);
INSERT INTO EMP VALUES (104, 'Bruce Miller', 60, '2023/03/21', 6000);
INSERT INTO EMP VALUES (105, 'David Williams', 60, '2021/04/25', 4800);
INSERT INTO EMP VALUES (106, 'Valli Jackson', 60, '2021/12/05', 4800);
INSERT INTO EMP VALUES (107, 'Diana Nguyen', 60, '2022/12/07', 4200);
INSERT INTO EMP VALUES (108, 'Nancy Gruenberg', 100, '2018/06/17', 12008);
INSERT INTO EMP VALUES (109, 'Daniel Faviet', 100, '2018/06/16', 9000);
INSERT INTO EMP VALUES (110, 'John Chen', 100, '2021/07/28', 8200);
INSERT INTO EMP VALUES (111, 'Ismael Sciarra', 100, '2021/07/31', 7700);
INSERT INTO EMP VALUES (112, 'Jose Manuel Urman', 100, '2022/01/07', 7800);
INSERT INTO EMP VALUES (113, 'Luis Popp', 100, '2023/10/07', 6900);
INSERT INTO EMP VALUES (114, 'Den Li', 30, '2018/10/07', 11000);
INSERT INTO EMP VALUES (115, 'Alexander Khoo', 30, '2019/03/18', 3100);
INSERT INTO EMP VALUES (116, 'Shelli Baida', 30, '2021/10/24', 2900);
INSERT INTO EMP VALUES (117, 'Sigal Tobias', 30, '2021/05/24', 2800);
INSERT INTO EMP VALUES (118, 'Guy Himuro', 30, '2022/09/15', 2600);
INSERT INTO EMP VALUES (119, 'Karen Colmenares', 30, '2023/06/10', 2500);
INSERT INTO EMP VALUES (120, 'Matthew Weiss', 50, '2020/05/18', 8000);
INSERT INTO EMP VALUES (121, 'Adam Fripp', 50, '2021/02/10', 8200);
INSERT INTO EMP VALUES (122, 'Payam Kaufling', 50, '2019/03/01', 7900);
INSERT INTO EMP VALUES (123, 'Shanta Vollman', 50, '2021/08/10', 6500);
INSERT INTO EMP VALUES (124, 'Kevin Mourgos', 50, '2023/09/16', 5800);
INSERT INTO EMP VALUES (125, 'Julia Nayer', 50, '2021/05/16', 3200);
INSERT INTO EMP VALUES (126, 'Irene Mikkilineni', 50, '2022/07/28', 2700);
INSERT INTO EMP VALUES (127, 'James Landry', 50, '2022/11/14', 2400);
INSERT INTO EMP VALUES (128, 'Steven Markle', 50, '2024/01/08', 2200);
INSERT INTO EMP VALUES (129, 'Laura Bissot', 50, '2021/06/20', 3300);
INSERT INTO EMP VALUES (130, 'Mozhe Atkinson', 50, '2021/08/30', 2800);
INSERT INTO EMP VALUES (131, 'James Marlow', 50, '2020/12/16', 2500);
INSERT INTO EMP VALUES (132, 'TJ Olson', 50, '2023/02/10', 2100);
INSERT INTO EMP VALUES (133, 'Jason Mallin', 50, '2020/04/14', 3300);
INSERT INTO EMP VALUES (134, 'Michael Rogers', 50, '2022/06/26', 2900);
INSERT INTO EMP VALUES (135, 'Ki Gee', 50, '2023/10/12', 2400);
INSERT INTO EMP VALUES (136, 'Hazel Philtanker', 50, '2023/12/06', 2200);
INSERT INTO EMP VALUES (137, 'Renske Ladwig', 50, '2019/05/14', 3600);
INSERT INTO EMP VALUES (138, 'Stephen Stiles', 50, '2021/08/26', 3200);
INSERT INTO EMP VALUES (139, 'John Seo', 50, '2021/12/12', 2700);
INSERT INTO EMP VALUES (140, 'Joshua Patel', 50, '2022/02/06', 2500);
INSERT INTO EMP VALUES (141, 'Trenna Rajs', 50, '2019/08/17', 3500);
INSERT INTO EMP VALUES (142, 'Curtis Davies', 50, '2020/11/29', 3100);
INSERT INTO EMP VALUES (143, 'Randall Matos', 50, '2022/01/15', 2600);
INSERT INTO EMP VALUES (144, 'Peter Vargas', 50, '2022/05/09', 2500);
INSERT INTO EMP VALUES (145, 'John Singh', 80, '2020/08/01', 14000);
INSERT INTO EMP VALUES (146, 'Karen Partners', 80, '2020/11/05', 13500);
INSERT INTO EMP VALUES (147, 'Alberto Errazuriz', 80, '2021/01/10', 12000);
INSERT INTO EMP VALUES (148, 'Gerald Cambrault', 80, '2023/08/15', 11000);
INSERT INTO EMP VALUES (149, 'Eleni Zlotkey', 80, '2023/11/29', 10500);
INSERT INTO EMP VALUES (150, 'Sean Tucker', 80, '2020/11/30', 10000);
INSERT INTO EMP VALUES (151, 'David Bernstein', 80, '2021/01/24', 9500);
INSERT INTO EMP VALUES (152, 'Peter Hall', 80, '2021/06/20', 9000);
INSERT INTO EMP VALUES (153, 'Christopher Olsen', 80, '2022/01/30', 8000);
INSERT INTO EMP VALUES (154, 'Nanette Cambrault', 80, '2022/10/09', 7500);
INSERT INTO EMP VALUES (155, 'Oliver Tuvault', 80, '2023/09/23', 7000);
INSERT INTO EMP VALUES (156, 'Janette King', 80, '2019/11/30', 10000);
INSERT INTO EMP VALUES (157, 'Patrick Sully', 80, '2020/01/04', 9500);
INSERT INTO EMP VALUES (158, 'Allan McEwen', 80, '2020/06/01', 9000);
INSERT INTO EMP VALUES (159, 'Lindsey Smith', 80, '2021/01/10', 8000);
INSERT INTO EMP VALUES (160, 'Louise Doran', 80, '2021/10/15', 7500);
INSERT INTO EMP VALUES (162, 'Clara Vishney', 80, '2021/09/11', 10500);
INSERT INTO EMP VALUES (163, 'Danielle Greene', 80, '2023/01/19', 9500);
INSERT INTO EMP VALUES (164, 'Mattea Marvins', 80, '2023/11/24', 7200);
INSERT INTO EMP VALUES (165, 'David Lee', 80, '2023/12/23', 6800);
INSERT INTO EMP VALUES (166, 'Sundar Ande', 80, '2024/01/24', 6400);
INSERT INTO EMP VALUES (168, 'Lisa Ozer', 80, '2021/01/11', 11500);
INSERT INTO EMP VALUES (169, 'Harrison Bloom', 80, '2022/01/23', 10000);
INSERT INTO EMP VALUES (170, 'Tayler Fox', 80, '2021/11/24', 9600);
INSERT INTO EMP VALUES (171, 'William Smith', 80, '2022/12/23', 7400);
INSERT INTO EMP VALUES (173, 'Sundita Kumar', 80, '2024/02/21', 6100);
INSERT INTO EMP VALUES (174, 'Ellen Abel', 80, '2020/03/11', 11000);
INSERT INTO EMP VALUES (175, 'Alyssa Hutton', 80, '2021/01/19', 8800);
INSERT INTO EMP VALUES (176, 'Jonathon Taylor', 80, '2022/01/24', 8600);
INSERT INTO EMP VALUES (177, 'Jack Livingston', 80, '2022/02/23', 8400);
INSERT INTO EMP VALUES (179, 'Charles Johnson', 80, '2023/11/04', 6200);
INSERT INTO EMP VALUES (180, 'Winston Taylor', 50, '2021/11/24', 3200);
INSERT INTO EMP VALUES (181, 'Jean Fleaur', 50, '2021/12/23', 3100);
INSERT INTO EMP VALUES (182, 'Martha Sullivan', 50, '2023/04/21', 2500);
INSERT INTO EMP VALUES (184, 'Nandita Sarchand', 50, '2019/11/27', 4200);
INSERT INTO EMP VALUES (185, 'Alexis Bull', 50, '2020/12/20', 4100);
INSERT INTO EMP VALUES (186, 'Julia Dellinger', 50, '2022/04/24', 3400);
INSERT INTO EMP VALUES (187, 'Anthony Cabrio', 50, '2022/12/07', 3000);
INSERT INTO EMP VALUES (189, 'Jennifer Dilly', 50, '2021/06/13', 3600);
INSERT INTO EMP VALUES (190, 'Timothy Venzl', 50, '2022/05/11', 2900);
INSERT INTO EMP VALUES (191, 'Randall Perkins', 50, '2023/10/19', 2500);
INSERT INTO EMP VALUES (192, 'Sarah Bell', 50, '2019/12/04', 4000);
INSERT INTO EMP VALUES (194, 'Samuel McLeod', 50, '2022/05/01', 3200);
INSERT INTO EMP VALUES (195, 'Vance Jones', 50, '2023/01/17', 2800);
INSERT INTO EMP VALUES (196, 'Alana Walsh', 50, '2022/02/24', 3100);
INSERT INTO EMP VALUES (197, 'Kevin Feeney', 50, '2022/03/23', 3000);
INSERT INTO EMP VALUES (198, 'Donald OConnell', 50, '2023/04/21', 2600);
INSERT INTO EMP VALUES (199, 'Douglas Grant', 50, '2023/11/13', 2600);
INSERT INTO EMP VALUES (200, 'Jennifer Whalen', 10, '2019/07/17', 4400);
INSERT INTO EMP VALUES (201, 'Michael Martinez', 20, '2019/12/17', 13000);
INSERT INTO EMP VALUES (202, 'Pat Davis', 20, '2021/06/17', 6000);
INSERT INTO EMP VALUES (203, 'Susan Jacobs', 40, '2018/04/07', 6500);
INSERT INTO EMP VALUES (204, 'Hermann Brown', 70, '2018/04/07', 10000);
INSERT INTO EMP VALUES (205, 'Shelley Higgins', 110, '2018/04/07', 12008);
INSERT INTO EMP VALUES (206, 'William Gietz', 110, '2018/04/07', 8300);


INSERT INTO EMPLOYEES VALUES (161, 'SSEWALL', '44.1632.960016', '2022/09/03', 'SA_REP', 7000, .25, 146, 80, 'Sarath Sewall');
INSERT INTO EMPLOYEES VALUES (167, 'ABANDA', '44.1632.960022', '2024/02/21', 'SA_REP', 6200, .1, 147, 80, 'Amit Banda');
INSERT INTO EMPLOYEES VALUES (172, 'EBATES', '44.1632.960027', '2023/01/24', 'SA_REP', 7300, .15, 148, 80, 'Elizabeth Bates');
INSERT INTO EMPLOYEES VALUES (178, 'KGRANT', '44.1632.960033', '2023/03/24', 'SA_REP', 7000, .15, 149, , 'Kimberely Grant');
INSERT INTO EMPLOYEES VALUES (183, 'GGEONI', '1.650.555.0148', '2023/12/03', 'SH_CLERK', 2800, , 120, 50, 'Girard Geoni');
INSERT INTO EMPLOYEES VALUES (188, 'KCHUNG', '1.650.555.0153', '2021/04/14', 'SH_CLERK', 3800, , 122, 50, 'Kelly Chung');
INSERT INTO EMPLOYEES VALUES (193, 'BEVERETT', '1.650.555.0158', '2021/01/03', 'SH_CLERK', 3900, , 123, 50, 'Britney Everett');
INSERT INTO EMPLOYEES VALUES (100, 'SKING', '1.515.555.0100', '2019/04/17', 'AD_PRES', 24000, , , 90, 'Steven King');
INSERT INTO EMPLOYEES VALUES (101, 'NYANG', '1.515.555.0101', '2021/07/21', 'AD_VP', 17000, , 100, 90, 'Neena Yang');
INSERT INTO EMPLOYEES VALUES (102, 'LGARCIA', '1.515.555.0102', '2016/11/13', 'AD_VP', 17000, , 100, 90, 'Lex Garcia');
INSERT INTO EMPLOYEES VALUES (103, 'AJAMES', '1.590.555.0103', '2021/11/03', 'IT_PROG', 9000, , 102, 60, 'Alexander James');
INSERT INTO EMPLOYEES VALUES (104, 'BMILLER', '1.590.555.0104', '2023/03/21', 'IT_PROG', 6000, , 103, 60, 'Bruce Miller');
INSERT INTO EMPLOYEES VALUES (105, 'DWILLIAMS', '1.590.555.0105', '2021/04/25', 'IT_PROG', 4800, , 103, 60, 'David Williams');
INSERT INTO EMPLOYEES VALUES (106, 'VJACKSON', '1.590.555.0106', '2021/12/05', 'IT_PROG', 4800, , 103, 60, 'Valli Jackson');
INSERT INTO EMPLOYEES VALUES (107, 'DNGUYEN', '1.590.555.0107', '2022/12/07', 'IT_PROG', 4200, , 103, 60, 'Diana Nguyen');
INSERT INTO EMPLOYEES VALUES (108, 'NGRUENBE', '1.515.555.0108', '2018/06/17', 'FI_MGR', 12008, , 101, 100, 'Nancy Gruenberg');
INSERT INTO EMPLOYEES VALUES (109, 'DFAVIET', '1.515.555.0109', '2018/06/16', 'FI_ACCOUNT', 9000, , 108, 100, 'Daniel Faviet');
INSERT INTO EMPLOYEES VALUES (110, 'JCHEN', '1.515.555.0110', '2021/07/28', 'FI_ACCOUNT', 8200, , 108, 100, 'John Chen');
INSERT INTO EMPLOYEES VALUES (111, 'ISCIARRA', '1.515.555.0111', '2021/07/31', 'FI_ACCOUNT', 7700, , 108, 100, 'Ismael Sciarra');
INSERT INTO EMPLOYEES VALUES (112, 'JMURMAN', '1.515.555.0112', '2022/01/07', 'FI_ACCOUNT', 7800, , 108, 100, 'Jose Manuel Urman');
INSERT INTO EMPLOYEES VALUES (113, 'LPOPP', '1.515.555.0113', '2023/10/07', 'FI_ACCOUNT', 6900, , 108, 100, 'Luis Popp');
INSERT INTO EMPLOYEES VALUES (114, 'DLI', '1.515.555.0114', '2018/10/07', 'PU_MAN', 11000, , 100, 30, 'Den Li');
INSERT INTO EMPLOYEES VALUES (115, 'AKHOO', '1.515.555.0115', '2019/03/18', 'PU_CLERK', 3100, , 114, 30, 'Alexander Khoo');
INSERT INTO EMPLOYEES VALUES (116, 'SBAIDA', '1.515.555.0116', '2021/10/24', 'PU_CLERK', 2900, , 114, 30, 'Shelli Baida');
INSERT INTO EMPLOYEES VALUES (117, 'STOBIAS', '1.515.555.0117', '2021/05/24', 'PU_CLERK', 2800, , 114, 30, 'Sigal Tobias');
INSERT INTO EMPLOYEES VALUES (118, 'GHIMURO', '1.515.555.0118', '2022/09/15', 'PU_CLERK', 2600, , 114, 30, 'Guy Himuro');
INSERT INTO EMPLOYEES VALUES (119, 'KCOLMENA', '1.515.555.0119', '2023/06/10', 'PU_CLERK', 2500, , 114, 30, 'Karen Colmenares');
INSERT INTO EMPLOYEES VALUES (120, 'MWEISS', '1.650.555.0120', '2020/05/18', 'ST_MAN', 8000, , 100, 50, 'Matthew Weiss');
INSERT INTO EMPLOYEES VALUES (121, 'AFRIPP', '1.650.555.0121', '2021/02/10', 'ST_MAN', 8200, , 100, 50, 'Adam Fripp');
INSERT INTO EMPLOYEES VALUES (122, 'PKAUFLIN', '1.650.555.0122', '2019/03/01', 'ST_MAN', 7900, , 100, 50, 'Payam Kaufling');
INSERT INTO EMPLOYEES VALUES (123, 'SVOLLMAN', '1.650.555.0123', '2021/08/10', 'ST_MAN', 6500, , 100, 50, 'Shanta Vollman');
INSERT INTO EMPLOYEES VALUES (124, 'KMOURGOS', '1.650.555.0124', '2023/09/16', 'ST_MAN', 5800, , 100, 50, 'Kevin Mourgos');
INSERT INTO EMPLOYEES VALUES (125, 'JNAYER', '1.650.555.0125', '2021/05/16', 'ST_CLERK', 3200, , 120, 50, 'Julia Nayer');
INSERT INTO EMPLOYEES VALUES (126, 'IMIKKILI', '1.650.555.0126', '2022/07/28', 'ST_CLERK', 2700, , 120, 50, 'Irene Mikkilineni');
INSERT INTO EMPLOYEES VALUES (127, 'JLANDRY', '1.650.555.0127', '2022/11/14', 'ST_CLERK', 2400, , 120, 50, 'James Landry');
INSERT INTO EMPLOYEES VALUES (128, 'SMARKLE', '1.650.555.0128', '2024/01/08', 'ST_CLERK', 2200, , 120, 50, 'Steven Markle');
INSERT INTO EMPLOYEES VALUES (129, 'LBISSOT', '1.650.555.0129', '2021/06/20', 'ST_CLERK', 3300, , 121, 50, 'Laura Bissot');
INSERT INTO EMPLOYEES VALUES (130, 'MATKINSO', '1.650.555.0130', '2021/08/30', 'ST_CLERK', 2800, , 121, 50, 'Mozhe Atkinson');
INSERT INTO EMPLOYEES VALUES (131, 'JAMRLOW', '1.650.555.0131', '2020/12/16', 'ST_CLERK', 2500, , 121, 50, 'James Marlow');
INSERT INTO EMPLOYEES VALUES (132, 'TJOLSON', '1.650.555.0132', '2023/02/10', 'ST_CLERK', 2100, , 121, 50, 'TJ Olson');
INSERT INTO EMPLOYEES VALUES (133, 'JMALLIN', '1.650.555.0133', '2020/04/14', 'ST_CLERK', 3300, , 122, 50, 'Jason Mallin');
INSERT INTO EMPLOYEES VALUES (134, 'MROGERS', '1.650.555.0134', '2022/06/26', 'ST_CLERK', 2900, , 122, 50, 'Michael Rogers');
INSERT INTO EMPLOYEES VALUES (135, 'KGEE', '1.650.555.0135', '2023/10/12', 'ST_CLERK', 2400, , 122, 50, 'Ki Gee');
INSERT INTO EMPLOYEES VALUES (136, 'HPHILTAN', '1.650.555.0136', '2023/12/06', 'ST_CLERK', 2200, , 122, 50, 'Hazel Philtanker');
INSERT INTO EMPLOYEES VALUES (137, 'RLADWIG', '1.650.555.0137', '2019/05/14', 'ST_CLERK', 3600, , 123, 50, 'Renske Ladwig');
INSERT INTO EMPLOYEES VALUES (138, 'SSTILES', '1.650.555.0138', '2021/08/26', 'ST_CLERK', 3200, , 123, 50, 'Stephen Stiles');
INSERT INTO EMPLOYEES VALUES (139, 'JSEO', '1.650.555.0139', '2021/12/12', 'ST_CLERK', 2700, , 123, 50, 'John Seo');
INSERT INTO EMPLOYEES VALUES (140, 'JPATEL', '1.650.555.0140', '2022/02/06', 'ST_CLERK', 2500, , 123, 50, 'Joshua Patel');
INSERT INTO EMPLOYEES VALUES (141, 'TRAJS', '1.650.555.0141', '2019/08/17', 'ST_CLERK', 3500, , 124, 50, 'Trenna Rajs');
INSERT INTO EMPLOYEES VALUES (142, 'CDAVIES', '1.650.555.0142', '2020/11/29', 'ST_CLERK', 3100, , 124, 50, 'Curtis Davies');
INSERT INTO EMPLOYEES VALUES (143, 'RMATOS', '1.650.555.0143', '2022/01/15', 'ST_CLERK', 2600, , 124, 50, 'Randall Matos');
INSERT INTO EMPLOYEES VALUES (144, 'PVARGAS', '1.650.555.0144', '2022/05/09', 'ST_CLERK', 2500, , 124, 50, 'Peter Vargas');
INSERT INTO EMPLOYEES VALUES (145, 'JSINGH', '44.1632.960000', '2020/08/01', 'SA_MAN', 14000, .4, 100, 80, 'John Singh');
INSERT INTO EMPLOYEES VALUES (146, 'KPARTNER', '44.1632.960001', '2020/11/05', 'SA_MAN', 13500, .3, 100, 80, 'Karen Partners');
INSERT INTO EMPLOYEES VALUES (147, 'AERRAZUR', '44.1632.960002', '2021/01/10', 'SA_MAN', 12000, .3, 100, 80, 'Alberto Errazuriz');
INSERT INTO EMPLOYEES VALUES (148, 'GCAMBRAU', '44.1632.960003', '2023/08/15', 'SA_MAN', 11000, .3, 100, 80, 'Gerald Cambrault');
INSERT INTO EMPLOYEES VALUES (149, 'EZLOTKEY', '44.1632.960004', '2023/11/29', 'SA_MAN', 10500, .2, 100, 80, 'Eleni Zlotkey');
INSERT INTO EMPLOYEES VALUES (150, 'STUCKER', '44.1632.960005', '2020/11/30', 'SA_REP', 10000, .3, 145, 80, 'Sean Tucker');
INSERT INTO EMPLOYEES VALUES (151, 'DBERNSTE', '44.1632.960006', '2021/01/24', 'SA_REP', 9500, .25, 145, 80, 'David Bernstein');
INSERT INTO EMPLOYEES VALUES (152, 'PHALL', '44.1632.960007', '2021/06/20', 'SA_REP', 9000, .25, 145, 80, 'Peter Hall');
INSERT INTO EMPLOYEES VALUES (153, 'COLSEN', '44.1632.960008', '2022/01/30', 'SA_REP', 8000, .2, 145, 80, 'Christopher Olsen');
INSERT INTO EMPLOYEES VALUES (154, 'NCAMBRAU', '44.1632.960009', '2022/10/09', 'SA_REP', 7500, .2, 145, 80, 'Nanette Cambrault');
INSERT INTO EMPLOYEES VALUES (155, 'OTUVAULT', '44.1632.960010', '2023/09/23', 'SA_REP', 7000, .15, 145, 80, 'Oliver Tuvault');
INSERT INTO EMPLOYEES VALUES (156, 'JKING', '44.1632.960011', '2019/11/30', 'SA_REP', 10000, .35, 146, 80, 'Janette King');
INSERT INTO EMPLOYEES VALUES (157, 'PSULLY', '44.1632.960012', '2020/01/04', 'SA_REP', 9500, .35, 146, 80, 'Patrick Sully');
INSERT INTO EMPLOYEES VALUES (158, 'AMCEWEN', '44.1632.960013', '2020/06/01', 'SA_REP', 9000, .35, 146, 80, 'Allan McEwen');
INSERT INTO EMPLOYEES VALUES (159, 'LSMITH', '44.1632.960014', '2021/01/10', 'SA_REP', 8000, .3, 146, 80, 'Lindsey Smith');
INSERT INTO EMPLOYEES VALUES (160, 'LDORAN', '44.1632.960015', '2021/10/15', 'SA_REP', 7500, .3, 146, 80, 'Louise Doran');
INSERT INTO EMPLOYEES VALUES (162, 'CVISHNEY', '44.1632.960017', '2021/09/11', 'SA_REP', 10500, .25, 147, 80, 'Clara Vishney');
INSERT INTO EMPLOYEES VALUES (163, 'DGREENE', '44.1632.960018', '2023/01/19', 'SA_REP', 9500, .15, 147, 80, 'Danielle Greene');
INSERT INTO EMPLOYEES VALUES (164, 'MMARVINS', '44.1632.960019', '2023/11/24', 'SA_REP', 7200, .1, 147, 80, 'Mattea Marvins');
INSERT INTO EMPLOYEES VALUES (165, 'DLEE', '44.1632.960020', '2023/12/23', 'SA_REP', 6800, .1, 147, 80, 'David Lee');
INSERT INTO EMPLOYEES VALUES (166, 'SANDE', '44.1632.960021', '2024/01/24', 'SA_REP', 6400, .1, 147, 80, 'Sundar Ande');
INSERT INTO EMPLOYEES VALUES (168, 'LOZER', '44.1632.960023', '2021/01/11', 'SA_REP', 11500, .25, 148, 80, 'Lisa Ozer');
INSERT INTO EMPLOYEES VALUES (169, 'HBLOOM', '44.1632.960024', '2022/01/23', 'SA_REP', 10000, .2, 148, 80, 'Harrison Bloom');
INSERT INTO EMPLOYEES VALUES (170, 'TFOX', '44.1632.960025', '2021/11/24', 'SA_REP', 9600, .2, 148, 80, 'Tayler Fox');
INSERT INTO EMPLOYEES VALUES (171, 'WSMITH', '44.1632.960026', '2022/12/23', 'SA_REP', 7400, .15, 148, 80, 'William Smith');
INSERT INTO EMPLOYEES VALUES (173, 'SKUMAR', '44.1632.960028', '2024/02/21', 'SA_REP', 6100, .1, 148, 80, 'Sundita Kumar');
INSERT INTO EMPLOYEES VALUES (174, 'EABEL', '44.1632.960029', '2020/03/11', 'SA_REP', 11000, .3, 149, 80, 'Ellen Abel');
INSERT INTO EMPLOYEES VALUES (175, 'AHUTTON', '44.1632.960030', '2021/01/19', 'SA_REP', 8800, .25, 149, 80, 'Alyssa Hutton');
INSERT INTO EMPLOYEES VALUES (176, 'JTAYLOR', '44.1632.960031', '2022/01/24', 'SA_REP', 8600, .2, 149, 80, 'Jonathon Taylor');
INSERT INTO EMPLOYEES VALUES (177, 'JLIVINGS', '44.1632.960032', '2022/02/23', 'SA_REP', 8400, .2, 149, 80, 'Jack Livingston');
INSERT INTO EMPLOYEES VALUES (179, 'CJOHNSON', '44.1632.960034', '2023/11/04', 'SA_REP', 6200, .1, 149, 80, 'Charles Johnson');
INSERT INTO EMPLOYEES VALUES (180, 'WTAYLOR', '1.650.555.0145', '2021/11/24', 'SH_CLERK', 3200, , 120, 50, 'Winston Taylor');
INSERT INTO EMPLOYEES VALUES (181, 'JFLEAUR', '1.650.555.0146', '2021/12/23', 'SH_CLERK', 3100, , 120, 50, 'Jean Fleaur');
INSERT INTO EMPLOYEES VALUES (182, 'MSULLIVA', '1.650.555.0147', '2023/04/21', 'SH_CLERK', 2500, , 120, 50, 'Martha Sullivan');
INSERT INTO EMPLOYEES VALUES (184, 'NSARCHAN', '1.650.555.0149', '2019/11/27', 'SH_CLERK', 4200, , 121, 50, 'Nandita Sarchand');
INSERT INTO EMPLOYEES VALUES (185, 'ABULL', '1.650.555.0150', '2020/12/20', 'SH_CLERK', 4100, , 121, 50, 'Alexis Bull');
INSERT INTO EMPLOYEES VALUES (186, 'JDELLING', '1.650.555.0151', '2022/04/24', 'SH_CLERK', 3400, , 121, 50, 'Julia Dellinger');
INSERT INTO EMPLOYEES VALUES (187, 'ACABRIO', '1.650.555.0152', '2022/12/07', 'SH_CLERK', 3000, , 121, 50, 'Anthony Cabrio');
INSERT INTO EMPLOYEES VALUES (189, 'JDILLY', '1.650.555.0154', '2021/06/13', 'SH_CLERK', 3600, , 122, 50, 'Jennifer Dilly');
INSERT INTO EMPLOYEES VALUES (190, 'TVENZL', '1.650.555.0155', '2022/05/11', 'SH_CLERK', 2900, , 122, 50, 'Timothy Venzl');
INSERT INTO EMPLOYEES VALUES (191, 'RPERKINS', '1.650.555.0156', '2023/10/19', 'SH_CLERK', 2500, , 122, 50, 'Randall Perkins');
INSERT INTO EMPLOYEES VALUES (192, 'SBELL', '1.650.555.0157', '2019/12/04', 'SH_CLERK', 4000, , 123, 50, 'Sarah Bell');
INSERT INTO EMPLOYEES VALUES (194, 'SMCLEOD', '1.650.555.0159', '2022/05/01', 'SH_CLERK', 3200, , 123, 50, 'Samuel McLeod');
INSERT INTO EMPLOYEES VALUES (195, 'VJONES', '1.650.555.0160', '2023/01/17', 'SH_CLERK', 2800, , 123, 50, 'Vance Jones');
INSERT INTO EMPLOYEES VALUES (196, 'AWALSH', '1.650.555.0161', '2022/02/24', 'SH_CLERK', 3100, , 124, 50, 'Alana Walsh');
INSERT INTO EMPLOYEES VALUES (197, 'KFEENEY', '1.650.555.0162', '2022/03/23', 'SH_CLERK', 3000, , 124, 50, 'Kevin Feeney');
INSERT INTO EMPLOYEES VALUES (198, 'DOCONNEL', '1.650.555.0163', '2023/04/21', 'SH_CLERK', 2600, , 124, 50, 'Donald OConnell');
INSERT INTO EMPLOYEES VALUES (199, 'DGRANT', '1.650.555.0164', '2023/11/13', 'SH_CLERK', 2600, , 124, 50, 'Douglas Grant');
INSERT INTO EMPLOYEES VALUES (200, 'JWHALEN', '1.515.555.0165', '2019/07/17', 'AD_ASST', 4400, , 101, 10, 'Jennifer Whalen');
INSERT INTO EMPLOYEES VALUES (201, 'MMARTINE', '1.515.555.0166', '2019/12/17', 'MK_MAN', 13000, , 100, 20, 'Michael Martinez');
INSERT INTO EMPLOYEES VALUES (202, 'PDAVIS', '1.603.555.0167', '2021/06/17', 'MK_REP', 6000, , 201, 20, 'Pat Davis');
INSERT INTO EMPLOYEES VALUES (203, 'SJACOBS', '1.515.555.0168', '2018/04/07', 'HR_REP', 6500, , 101, 40, 'Susan Jacobs');
INSERT INTO EMPLOYEES VALUES (204, 'HBROWN', '1.515.555.0169', '2018/04/07', 'PR_REP', 10000, , 101, 70, 'Hermann Brown');
INSERT INTO EMPLOYEES VALUES (205, 'SHIGGINS', '1.515.555.0170', '2018/04/07', 'AC_MGR', 12008, , 101, 110, 'Shelley Higgins');
INSERT INTO EMPLOYEES VALUES (206, 'WGIETZ', '1.515.555.0171', '2018/04/07', 'AC_ACCOUNT', 8300, , 205, 110, 'William Gietz');


INSERT INTO JOBS VALUES ('AD_PRES', 'President', 20080, 40000);
INSERT INTO JOBS VALUES ('AD_VP', 'Administration Vice President', 15000, 30000);
INSERT INTO JOBS VALUES ('AD_ASST', 'Administration Assistant', 3000, 6000);
INSERT INTO JOBS VALUES ('FI_MGR', 'Finance Manager', 8200, 16000);
INSERT INTO JOBS VALUES ('FI_ACCOUNT', 'Accountant', 4200, 9000);
INSERT INTO JOBS VALUES ('AC_MGR', 'Accounting Manager', 8200, 16000);
INSERT INTO JOBS VALUES ('AC_ACCOUNT', 'Public Accountant', 4200, 9000);
INSERT INTO JOBS VALUES ('SA_MAN', 'Sales Manager', 10000, 20080);
INSERT INTO JOBS VALUES ('SA_REP', 'Sales Representative', 6000, 12008);
INSERT INTO JOBS VALUES ('PU_MAN', 'Purchasing Manager', 8000, 15000);
INSERT INTO JOBS VALUES ('PU_CLERK', 'Purchasing Clerk', 2500, 5500);
INSERT INTO JOBS VALUES ('ST_MAN', 'Stock Manager', 5500, 8500);
INSERT INTO JOBS VALUES ('ST_CLERK', 'Stock Clerk', 2008, 5000);
INSERT INTO JOBS VALUES ('SH_CLERK', 'Shipping Clerk', 2500, 5500);
INSERT INTO JOBS VALUES ('IT_PROG', 'Programmer', 4000, 10000);
INSERT INTO JOBS VALUES ('MK_MAN', 'Marketing Manager', 9000, 15000);
INSERT INTO JOBS VALUES ('MK_REP', 'Marketing Representative', 4000, 9000);
INSERT INTO JOBS VALUES ('HR_REP', 'Human Resources Representative', 4000, 9000);
INSERT INTO JOBS VALUES ('PR_REP', 'Public Relations Representative', 4500, 10500);


INSERT INTO JOB_HISTORY VALUES (102, '2011/01/13', '2016/07/24', 'IT_PROG', 60);
INSERT INTO JOB_HISTORY VALUES (101, '2007/09/21', '2011/10/27', 'AC_ACCOUNT', 110);
INSERT INTO JOB_HISTORY VALUES (101, '2011/10/28', '2015/03/15', 'AC_MGR', 110);
INSERT INTO JOB_HISTORY VALUES (201, '2014/02/17', '2017/12/19', 'MK_REP', 20);
INSERT INTO JOB_HISTORY VALUES (114, '2016/03/24', '2017/12/31', 'ST_CLERK', 50);
INSERT INTO JOB_HISTORY VALUES (122, '2017/01/01', '2017/12/31', 'ST_CLERK', 50);
INSERT INTO JOB_HISTORY VALUES (200, '2005/09/17', '2011/06/17', 'AD_ASST', 90);
INSERT INTO JOB_HISTORY VALUES (176, '2016/03/24', '2016/12/31', 'SA_REP', 80);
INSERT INTO JOB_HISTORY VALUES (176, '2017/01/01', '2017/12/31', 'SA_MAN', 80);
INSERT INTO JOB_HISTORY VALUES (200, '2012/07/01', '2016/12/31', 'AC_ACCOUNT', 90);


INSERT INTO LOCATIONS VALUES (1000, '1297 Via Cola di Rie', '00989', 'Roma', '', 'IT');
INSERT INTO LOCATIONS VALUES (1100, '93091 Calle della Testa', '10934', 'Venice', '', 'IT');
INSERT INTO LOCATIONS VALUES (1200, '2017 Shinjuku-ku', '1689', 'Tokyo', 'Tokyo Prefecture', 'JP');
INSERT INTO LOCATIONS VALUES (1300, '9450 Kamiya-cho', '6823', 'Hiroshima', '', 'JP');
INSERT INTO LOCATIONS VALUES (1400, '2014 Jabberwocky Rd', '26192', 'Southlake', 'Texas', 'US');
INSERT INTO LOCATIONS VALUES (1500, '2011 Interiors Blvd', '99236', 'South San Francisco', 'California', 'US');
INSERT INTO LOCATIONS VALUES (1600, '2007 Zagora St', '50090', 'South Brunswick', 'New Jersey', 'US');
INSERT INTO LOCATIONS VALUES (1700, '2004 Charade Rd', '98199', 'Seattle', 'Washington', 'US');
INSERT INTO LOCATIONS VALUES (1800, '147 Spadina Ave', 'M5V 2L7', 'Toronto', 'Ontario', 'CA');
INSERT INTO LOCATIONS VALUES (1900, '6092 Boxwood St', 'YSW 9T2', 'Whitehorse', 'Yukon', 'CA');
INSERT INTO LOCATIONS VALUES (2000, '40-5-12 Laogianggen', '190518', 'Beijing', '', 'CN');
INSERT INTO LOCATIONS VALUES (2100, '1298 Vileparle (E)', '490231', 'Bombay', 'Maharashtra', 'IN');
INSERT INTO LOCATIONS VALUES (2200, '12-98 Victoria Street', '2901', 'Sydney', 'New South Wales', 'AU');
INSERT INTO LOCATIONS VALUES (2300, '198 Clementi North', '540198', 'Singapore', '', 'SG');
INSERT INTO LOCATIONS VALUES (2400, '8204 Arthur St', '', 'London', '', 'GB');
INSERT INTO LOCATIONS VALUES (2500, 'Magdalen Centre, The Oxford Science Park', 'OX9 9ZB', 'Oxford', 'Oxford', 'GB');
INSERT INTO LOCATIONS VALUES (2600, '9702 Chester Road', '09629850293', 'Stretford', 'Manchester', 'GB');
INSERT INTO LOCATIONS VALUES (2700, 'Schwanthalerstr. 7031', '80925', 'Munich', 'Bavaria', 'DE');
INSERT INTO LOCATIONS VALUES (2800, 'Rua Frei Caneca 1360 ', '01307-002', 'Sao Paulo', 'Sao Paulo', 'BR');
INSERT INTO LOCATIONS VALUES (2900, '20 Rue des Corps-Saints', '1730', 'Geneva', 'Geneve', 'CH');
INSERT INTO LOCATIONS VALUES (3000, 'Murtenstrasse 921', '3095', 'Bern', 'BE', 'CH');
INSERT INTO LOCATIONS VALUES (3100, 'Pieter Breughelstraat 837', '3029SK', 'Utrecht', 'Utrecht', 'NL');
INSERT INTO LOCATIONS VALUES (3200, 'Mariano Escobedo 9991', '11932', 'Mexico City', 'Distrito Federal', 'MX');


INSERT INTO REGIONS VALUES (10, 'Europe');
INSERT INTO REGIONS VALUES (20, 'Americas');
INSERT INTO REGIONS VALUES (30, 'Asia');
INSERT INTO REGIONS VALUES (40, 'Oceania');
INSERT INTO REGIONS VALUES (50, 'Africa');


INSERT INTO RETIRE VALUES (100, 90, '2025/02/25');
INSERT INTO RETIRE VALUES (102, 90, '2025/02/25');
INSERT INTO RETIRE VALUES (201, 20, '2025/02/25');
INSERT INTO RETIRE VALUES (108, 100, '2025/02/25');
INSERT INTO RETIRE VALUES (205, 110, '2025/02/25');
INSERT INTO RETIRE VALUES (114, 30, '2025/02/25');
INSERT INTO RETIRE VALUES (156, 80, '2025/02/25');
INSERT INTO RETIRE VALUES (204, 70, '2025/02/25');
INSERT INTO RETIRE VALUES (109, 100, '2025/02/25');
INSERT INTO RETIRE VALUES (206, 110, '2025/02/25');