INSERT INTO BUYER VALUES ('P10101', '삼성컴퓨터', 'P101', '주택은행', '123-456-7890', '이건상', '135-972', '서울 강남구 도곡2동현대비젼21', '1125호', '02-522-7890', '02-522-7891', 'samcom@samsung.co.kr', '송동구', '');
INSERT INTO BUYER VALUES ('P10102', '삼보컴퓨터', 'P101', '제일은행', '732-702-195670', '김현우', '142-726', '서울 강북구 미아6동 행전빌딩', '2712호', '02-632-5690', '02-632-5699', 'sambo@sambo.co.kr', '김서구', '');
INSERT INTO BUYER VALUES ('P10103', '현주컴퓨터', 'P101', '국민은행', '112-650-397811', '심현주', '404-260', '인천 서구 마전동', '157-899번지', '032-233-7832', '032-233-7833', 'hyunju@hyunju.com', '강남구', '');
INSERT INTO BUYER VALUES ('P10201', '대우전자', 'P102', '농협', '222-333-567890', '강대우', '702-864', '대구 북구 태전동', '232번지', '053-780-2356', '053-780-2357', 'daewoo@daewoo.co.kr', '성대우', '');
INSERT INTO BUYER VALUES ('P10202', '삼성전자', 'P102', '외환은행', '989-323-567898', '박삼성', '614-728', '부산 부산진구 부전1동 동아빌딩', '1708호', '051-567-5312', '051-567-5313', 'samsung@samsung.com', '김인우', '');
INSERT INTO BUYER VALUES ('P20101', '대현', 'P201', '국민은행', '688-323-567898', '신대현', '306-785', '대전 대덕구 오정동 운암빌딩', '508호', '042-332-5123', '042-332-5125', 'daehyun@daehyun.com', '진대영', '');
INSERT INTO BUYER VALUES ('P20102', '마르죠', 'P201', '주택은행', '123-777-7890', '이마루', '135-972', '서울 강남구 도곡2동 현대비젼21', '1211호', '02-533-7890', '02-533-5699', 'mar@marjo.co.kr', '조현상', '');
INSERT INTO BUYER VALUES ('P20201', 'LG패션', 'P202', '제일은행', '732-702-556677', '김애지', '142-726', '서울 강북구 미아6동 행전빌딩', '5011호', '02-332-5690', '02-332-5699', 'lgfashion.co.kr', '남지수', '');
INSERT INTO BUYER VALUES ('P20202', '캠브리지', 'P202', '국민은행', '112-888-397811', '안불이주', '404-260', '인천 서구 마전동', '535-899번지', '032-255-7832', '032-255-7833', 'cambrige@cambrige.com', '신일수', '');
INSERT INTO BUYER VALUES ('P30101', '가파치', 'P301', '농협', '211-333-511890', '김선아', '702-864', '대구 북구 태전동', '555-66호', '053-535-2356', '053-535-2357', 'gapachi@gapachi.co.kr', '이수나', '');
INSERT INTO BUYER VALUES ('P30201', '한국화장품', 'P302', '외환은행', '333-355-568898', '박한국', '614-728', '부산 부산진구 부전1동 동아빌딩', '309호', '051-212-5312', '051-212-5313', 'hangook@hangook.com', '김사우', '');
INSERT INTO BUYER VALUES ('P30202', '피리어스', 'P302', '국민은행', '677-888-569998', '신상우', '306-785', '대전대덕구 오정동 운암빌딩', '612호', '042-222-5123', '042-222-5125', 'pieoris@pieoris.com', '이진영', '');
INSERT INTO BUYER VALUES ('P30203', '참존', 'P302', '주택은행', '555-777-567778', '오참존', '306-785', '대전대덕구 오정동 운암빌딩', '1007호', '042-622-5123', '042-622-5125', 'chamjon@chamjon.com', '성애란', '');


INSERT INTO BUYPROD VALUES ('2020/01/08', 'P202000001', 18);
INSERT INTO BUYPROD VALUES ('2020/01/08', 'P202000002', 19);
INSERT INTO BUYPROD VALUES ('2020/01/08', 'P202000003', 11);
INSERT INTO BUYPROD VALUES ('2020/01/12', 'P201000001', 21);
INSERT INTO BUYPROD VALUES ('2020/01/12', 'P201000002', 13);
INSERT INTO BUYPROD VALUES ('2020/01/12', 'P201000003', 15);
INSERT INTO BUYPROD VALUES ('2020/01/13', 'P101000001', 22);
INSERT INTO BUYPROD VALUES ('2020/01/13', 'P101000002', 23);
INSERT INTO BUYPROD VALUES ('2020/01/13', 'P101000003', 21);
INSERT INTO BUYPROD VALUES ('2020/01/14', 'P201000004', 15);
INSERT INTO BUYPROD VALUES ('2020/01/14', 'P201000005', 32);
INSERT INTO BUYPROD VALUES ('2020/01/14', 'P201000006', 11);
INSERT INTO BUYPROD VALUES ('2020/01/16', 'P202000007', 22);
INSERT INTO BUYPROD VALUES ('2020/01/16', 'P202000008', 33);
INSERT INTO BUYPROD VALUES ('2020/01/16', 'P202000009', 14);
INSERT INTO BUYPROD VALUES ('2020/01/16', 'P302000011', 125);
INSERT INTO BUYPROD VALUES ('2020/01/16', 'P302000012', 16);
INSERT INTO BUYPROD VALUES ('2020/01/16', 'P302000013', 13);
INSERT INTO BUYPROD VALUES ('2020/01/17', 'P302000014', 21);
INSERT INTO BUYPROD VALUES ('2020/01/17', 'P302000015', 33);
INSERT INTO BUYPROD VALUES ('2020/01/17', 'P302000016', 17);
INSERT INTO BUYPROD VALUES ('2020/01/18', 'P301000001', 15);
INSERT INTO BUYPROD VALUES ('2020/01/18', 'P301000002', 19);
INSERT INTO BUYPROD VALUES ('2020/01/19', 'P202000010', 21);
INSERT INTO BUYPROD VALUES ('2020/01/19', 'P202000011', 91);
INSERT INTO BUYPROD VALUES ('2020/01/19', 'P202000012', 15);
INSERT INTO BUYPROD VALUES ('2020/01/25', 'P102000003', 11);
INSERT INTO BUYPROD VALUES ('2020/01/25', 'P102000004', 13);
INSERT INTO BUYPROD VALUES ('2020/01/25', 'P102000005', 22);
INSERT INTO BUYPROD VALUES ('2020/01/26', 'P102000007', 52);
INSERT INTO BUYPROD VALUES ('2020/01/27', 'P302000001', 253);
INSERT INTO BUYPROD VALUES ('2020/01/27', 'P302000002', 31);
INSERT INTO BUYPROD VALUES ('2020/01/27', 'P302000003', 197);
INSERT INTO BUYPROD VALUES ('2020/01/28', 'P201000007', 19);
INSERT INTO BUYPROD VALUES ('2020/01/28', 'P201000008', 22);
INSERT INTO BUYPROD VALUES ('2020/01/28', 'P201000009', 26);
INSERT INTO BUYPROD VALUES ('2020/01/31', 'P302000021', 23);
INSERT INTO BUYPROD VALUES ('2020/01/31', 'P302000022', 17);
INSERT INTO BUYPROD VALUES ('2020/01/31', 'P302000023', 15);
INSERT INTO BUYPROD VALUES ('2020/02/03', 'P201000010', 23);
INSERT INTO BUYPROD VALUES ('2020/02/03', 'P201000011', 21);
INSERT INTO BUYPROD VALUES ('2020/02/03', 'P201000012', 55);
INSERT INTO BUYPROD VALUES ('2020/02/08', 'P202000004', 12);
INSERT INTO BUYPROD VALUES ('2020/02/08', 'P202000005', 19);
INSERT INTO BUYPROD VALUES ('2020/02/08', 'P202000006', 28);
INSERT INTO BUYPROD VALUES ('2020/02/09', 'P202000016', 22);
INSERT INTO BUYPROD VALUES ('2020/02/09', 'P202000017', 41);
INSERT INTO BUYPROD VALUES ('2020/02/09', 'P202000018', 21);
INSERT INTO BUYPROD VALUES ('2020/02/11', 'P101000004', 11);
INSERT INTO BUYPROD VALUES ('2020/02/11', 'P101000005', 10);
INSERT INTO BUYPROD VALUES ('2020/02/11', 'P101000006', 9);
INSERT INTO BUYPROD VALUES ('2020/02/15', 'P302000004', 33);
INSERT INTO BUYPROD VALUES ('2020/02/15', 'P302000005', 191);
INSERT INTO BUYPROD VALUES ('2020/02/15', 'P302000006', 39);
INSERT INTO BUYPROD VALUES ('2020/02/18', 'P301000003', 46);
INSERT INTO BUYPROD VALUES ('2020/02/18', 'P301000004', 41);
INSERT INTO BUYPROD VALUES ('2020/02/20', 'P202000013', 16);
INSERT INTO BUYPROD VALUES ('2020/02/20', 'P202000014', 18);
INSERT INTO BUYPROD VALUES ('2020/02/20', 'P202000015', 13);
INSERT INTO BUYPROD VALUES ('2020/02/21', 'P201000013', 16);
INSERT INTO BUYPROD VALUES ('2020/02/21', 'P201000014', 28);
INSERT INTO BUYPROD VALUES ('2020/02/21', 'P201000015', 25);
INSERT INTO BUYPROD VALUES ('2020/02/23', 'P202000019', 22);
INSERT INTO BUYPROD VALUES ('2020/02/23', 'P202000020', 19);
INSERT INTO BUYPROD VALUES ('2020/02/23', 'P202000021', 13);
INSERT INTO BUYPROD VALUES ('2020/02/25', 'P102000001', 15);
INSERT INTO BUYPROD VALUES ('2020/02/25', 'P102000002', 12);
INSERT INTO BUYPROD VALUES ('2020/02/26', 'P102000006', 13);
INSERT INTO BUYPROD VALUES ('2020/03/02', 'P201000016', 725);
INSERT INTO BUYPROD VALUES ('2020/03/02', 'P201000017', 341);
INSERT INTO BUYPROD VALUES ('2020/03/02', 'P201000018', 111);
INSERT INTO BUYPROD VALUES ('2020/03/03', 'P201000019', 16);
INSERT INTO BUYPROD VALUES ('2020/03/03', 'P201000020', 39);
INSERT INTO BUYPROD VALUES ('2020/03/03', 'P201000021', 32);
INSERT INTO BUYPROD VALUES ('2020/04/16', 'P202000001', 12);
INSERT INTO BUYPROD VALUES ('2020/04/16', 'P202000002', 13);
INSERT INTO BUYPROD VALUES ('2020/04/16', 'P202000003', 5);
INSERT INTO BUYPROD VALUES ('2020/04/20', 'P201000001', 15);
INSERT INTO BUYPROD VALUES ('2020/04/20', 'P201000002', 7);
INSERT INTO BUYPROD VALUES ('2020/04/20', 'P201000003', 9);
INSERT INTO BUYPROD VALUES ('2020/04/21', 'P101000001', 16);
INSERT INTO BUYPROD VALUES ('2020/04/21', 'P101000002', 17);
INSERT INTO BUYPROD VALUES ('2020/04/21', 'P101000003', 15);
INSERT INTO BUYPROD VALUES ('2020/04/22', 'P201000004', 9);
INSERT INTO BUYPROD VALUES ('2020/04/22', 'P201000005', 26);
INSERT INTO BUYPROD VALUES ('2020/04/22', 'P201000006', 5);
INSERT INTO BUYPROD VALUES ('2020/04/24', 'P202000007', 16);
INSERT INTO BUYPROD VALUES ('2020/04/24', 'P202000008', 27);
INSERT INTO BUYPROD VALUES ('2020/04/24', 'P202000009', 8);
INSERT INTO BUYPROD VALUES ('2020/04/24', 'P302000011', 19);
INSERT INTO BUYPROD VALUES ('2020/04/24', 'P302000012', 10);
INSERT INTO BUYPROD VALUES ('2020/04/24', 'P302000013', 7);
INSERT INTO BUYPROD VALUES ('2020/04/25', 'P302000014', 15);
INSERT INTO BUYPROD VALUES ('2020/04/25', 'P302000015', 27);
INSERT INTO BUYPROD VALUES ('2020/04/25', 'P302000016', 11);
INSERT INTO BUYPROD VALUES ('2020/04/26', 'P301000001', 9);
INSERT INTO BUYPROD VALUES ('2020/04/26', 'P301000002', 13);
INSERT INTO BUYPROD VALUES ('2020/04/27', 'P202000010', 15);
INSERT INTO BUYPROD VALUES ('2020/04/27', 'P202000011', 25);
INSERT INTO BUYPROD VALUES ('2020/04/27', 'P202000012', 9);
INSERT INTO BUYPROD VALUES ('2020/05/03', 'P102000003', 5);
INSERT INTO BUYPROD VALUES ('2020/05/03', 'P102000004', 7);
INSERT INTO BUYPROD VALUES ('2020/05/03', 'P102000005', 16);
INSERT INTO BUYPROD VALUES ('2020/05/04', 'P102000007', 46);
INSERT INTO BUYPROD VALUES ('2020/05/05', 'P302000001', 17);
INSERT INTO BUYPROD VALUES ('2020/05/05', 'P302000002', 25);
INSERT INTO BUYPROD VALUES ('2020/05/05', 'P302000003', 11);
INSERT INTO BUYPROD VALUES ('2020/05/06', 'P201000007', 13);
INSERT INTO BUYPROD VALUES ('2020/05/06', 'P201000008', 16);
INSERT INTO BUYPROD VALUES ('2020/05/06', 'P201000009', 20);
INSERT INTO BUYPROD VALUES ('2020/05/09', 'P302000021', 17);
INSERT INTO BUYPROD VALUES ('2020/05/09', 'P302000022', 11);
INSERT INTO BUYPROD VALUES ('2020/05/09', 'P302000023', 9);
INSERT INTO BUYPROD VALUES ('2020/05/12', 'P201000010', 17);
INSERT INTO BUYPROD VALUES ('2020/05/12', 'P201000011', 15);
INSERT INTO BUYPROD VALUES ('2020/05/12', 'P201000012', 49);
INSERT INTO BUYPROD VALUES ('2020/05/17', 'P202000004', 6);
INSERT INTO BUYPROD VALUES ('2020/05/17', 'P202000005', 13);
INSERT INTO BUYPROD VALUES ('2020/05/17', 'P202000006', 22);
INSERT INTO BUYPROD VALUES ('2020/05/18', 'P202000016', 16);
INSERT INTO BUYPROD VALUES ('2020/05/18', 'P202000017', 35);
INSERT INTO BUYPROD VALUES ('2020/05/18', 'P202000018', 15);
INSERT INTO BUYPROD VALUES ('2020/05/20', 'P101000004', 5);
INSERT INTO BUYPROD VALUES ('2020/05/20', 'P101000005', 4);
INSERT INTO BUYPROD VALUES ('2020/05/20', 'P101000006', 3);
INSERT INTO BUYPROD VALUES ('2020/05/24', 'P302000004', 27);
INSERT INTO BUYPROD VALUES ('2020/05/24', 'P302000005', 25);
INSERT INTO BUYPROD VALUES ('2020/05/24', 'P302000006', 33);
INSERT INTO BUYPROD VALUES ('2020/05/27', 'P301000003', 40);
INSERT INTO BUYPROD VALUES ('2020/05/27', 'P301000004', 35);
INSERT INTO BUYPROD VALUES ('2020/05/29', 'P202000013', 10);
INSERT INTO BUYPROD VALUES ('2020/05/29', 'P202000014', 12);
INSERT INTO BUYPROD VALUES ('2020/05/29', 'P202000015', 7);
INSERT INTO BUYPROD VALUES ('2020/05/30', 'P201000013', 10);
INSERT INTO BUYPROD VALUES ('2020/05/30', 'P201000014', 22);
INSERT INTO BUYPROD VALUES ('2020/05/30', 'P201000015', 19);
INSERT INTO BUYPROD VALUES ('2020/06/01', 'P202000019', 16);
INSERT INTO BUYPROD VALUES ('2020/06/01', 'P202000020', 13);
INSERT INTO BUYPROD VALUES ('2020/06/01', 'P202000021', 7);
INSERT INTO BUYPROD VALUES ('2020/06/03', 'P102000001', 9);
INSERT INTO BUYPROD VALUES ('2020/06/03', 'P102000002', 6);
INSERT INTO BUYPROD VALUES ('2020/06/04', 'P102000006', 7);
INSERT INTO BUYPROD VALUES ('2020/06/09', 'P201000016', 19);
INSERT INTO BUYPROD VALUES ('2020/06/09', 'P201000017', 35);
INSERT INTO BUYPROD VALUES ('2020/06/09', 'P201000018', 25);
INSERT INTO BUYPROD VALUES ('2020/06/10', 'P201000019', 10);
INSERT INTO BUYPROD VALUES ('2020/06/10', 'P201000020', 33);
INSERT INTO BUYPROD VALUES ('2020/06/10', 'P201000021', 26);


INSERT INTO CART VALUES ('a001', '2020040100001', 'P101000001', 5);
INSERT INTO CART VALUES ('a001', '2020040100001', 'P201000018', 16);
INSERT INTO CART VALUES ('a001', '2020040100001', 'P302000003', 7);
INSERT INTO CART VALUES ('t001', '2020040100002', 'P302000004', 2);
INSERT INTO CART VALUES ('t001', '2020040100002', 'P101000002', 2);
INSERT INTO CART VALUES ('w001', '2020040100003', 'P201000019', 2);
INSERT INTO CART VALUES ('w001', '2020040100003', 'P302000005', 9);
INSERT INTO CART VALUES ('w001', '2020040100003', 'P201000020', 21);
INSERT INTO CART VALUES ('w001', '2020040100003', 'P101000003', 3);
INSERT INTO CART VALUES ('r001', '2020040500001', 'P302000006', 2);
INSERT INTO CART VALUES ('r001', '2020040500001', 'P101000004', 2);
INSERT INTO CART VALUES ('r001', '2020040500001', 'P201000021', 2);
INSERT INTO CART VALUES ('q001', '2020040500002', 'P302000011', 11);
INSERT INTO CART VALUES ('q001', '2020040500002', 'P202000001', 12);
INSERT INTO CART VALUES ('q001', '2020040500002', 'P101000005', 4);
INSERT INTO CART VALUES ('p001', '2020040600001', 'P101000006', 2);
INSERT INTO CART VALUES ('p001', '2020040600001', 'P202000002', 2);
INSERT INTO CART VALUES ('o001', '2020040600002', 'P302000013', 9);
INSERT INTO CART VALUES ('o001', '2020040600002', 'P202000003', 9);
INSERT INTO CART VALUES ('o001', '2020040600002', 'P102000001', 6);
INSERT INTO CART VALUES ('f001', '2020040800001', 'P302000014', 2);
INSERT INTO CART VALUES ('f001', '2020040800001', 'P102000002', 2);
INSERT INTO CART VALUES ('f001', '2020040800001', 'P202000004', 2);
INSERT INTO CART VALUES ('m001', '2020040800002', 'P302000015', 8);
INSERT INTO CART VALUES ('m001', '2020040800002', 'P202000005', 8);
INSERT INTO CART VALUES ('m001', '2020040800002', 'P102000003', 9);
INSERT INTO CART VALUES ('l001', '2020041000001', 'P302000016', 2);
INSERT INTO CART VALUES ('l001', '2020041000001', 'P102000004', 2);
INSERT INTO CART VALUES ('l001', '2020041000001', 'P202000006', 2);
INSERT INTO CART VALUES ('f001', '2020041000002', 'P202000007', 7);
INSERT INTO CART VALUES ('f001', '2020041000002', 'P102000005', 8);
INSERT INTO CART VALUES ('f001', '2020041000002', 'P302000021', 7);
INSERT INTO CART VALUES ('j001', '2020041200001', 'P302000022', 2);
INSERT INTO CART VALUES ('j001', '2020041200001', 'P202000008', 2);
INSERT INTO CART VALUES ('j001', '2020041200001', 'P102000006', 2);
INSERT INTO CART VALUES ('j001', '2020041200001', 'P202000009', 6);
INSERT INTO CART VALUES ('m001', '2020041200002', 'P102000007', 7);
INSERT INTO CART VALUES ('m001', '2020041200002', 'P302000023', 6);
INSERT INTO CART VALUES ('m001', '2020041200002', 'P202000010', 2);
INSERT INTO CART VALUES ('f001', '2020041500001', 'P201000001', 2);
INSERT INTO CART VALUES ('f001', '2020041500001', 'P302000001', 2);
INSERT INTO CART VALUES ('j001', '2020041500002', 'P202000011', 5);
INSERT INTO CART VALUES ('j001', '2020041500002', 'P201000002', 5);
INSERT INTO CART VALUES ('j001', '2020041500002', 'P302000002', 5);
INSERT INTO CART VALUES ('f001', '2020041600001', 'P302000003', 2);
INSERT INTO CART VALUES ('f001', '2020041600001', 'P201000003', 2);
INSERT INTO CART VALUES ('f001', '2020041600001', 'P202000012', 2);
INSERT INTO CART VALUES ('e001', '2020041600002', 'P302000004', 4);
INSERT INTO CART VALUES ('e001', '2020041600002', 'P201000004', 3);
INSERT INTO CART VALUES ('e001', '2020041600002', 'P202000013', 4);
INSERT INTO CART VALUES ('d001', '2020041800001', 'P302000005', 2);
INSERT INTO CART VALUES ('d001', '2020041800001', 'P201000005', 2);
INSERT INTO CART VALUES ('d001', '2020041800001', 'P202000014', 2);
INSERT INTO CART VALUES ('c001', '2020041800002', 'P302000006', 3);
INSERT INTO CART VALUES ('c001', '2020041800002', 'P201000006', 1);
INSERT INTO CART VALUES ('c001', '2020041800002', 'P202000015', 3);
INSERT INTO CART VALUES ('b001', '2020042000001', 'P302000011', 2);
INSERT INTO CART VALUES ('b001', '2020042000001', 'P201000007', 2);
INSERT INTO CART VALUES ('b001', '2020042000001', 'P202000016', 2);
INSERT INTO CART VALUES ('b001', '2020042000001', 'P202000017', 1);
INSERT INTO CART VALUES ('b001', '2020042000001', 'P201000008', 5);
INSERT INTO CART VALUES ('c001', '2020042000002', 'P202000018', 2);
INSERT INTO CART VALUES ('c001', '2020042000002', 'P201000009', 2);
INSERT INTO CART VALUES ('c001', '2020042000002', 'P202000019', 2);
INSERT INTO CART VALUES ('c001', '2020042000002', 'P201000010', 4);
INSERT INTO CART VALUES ('c001', '2020042000002', 'P202000020', 2);
INSERT INTO CART VALUES ('x001', '2020042400001', 'P201000011', 2);
INSERT INTO CART VALUES ('x001', '2020042400001', 'P202000021', 4);
INSERT INTO CART VALUES ('x001', '2020042400001', 'P201000012', 3);
INSERT INTO CART VALUES ('e001', '2020042400002', 'P301000001', 2);
INSERT INTO CART VALUES ('e001', '2020042400002', 'P201000013', 2);
INSERT INTO CART VALUES ('e001', '2020042400002', 'P301000002', 5);
INSERT INTO CART VALUES ('e001', '2020042400002', 'P201000014', 13);
INSERT INTO CART VALUES ('c001', '2020042800001', 'P301000003', 2);
INSERT INTO CART VALUES ('c001', '2020042800001', 'P201000015', 2);
INSERT INTO CART VALUES ('b001', '2020042800002', 'P302000001', 6);
INSERT INTO CART VALUES ('b001', '2020042800002', 'P201000016', 15);
INSERT INTO CART VALUES ('b001', '2020042800002', 'P302000002', 2);
INSERT INTO CART VALUES ('b001', '2020042800002', 'P201000017', 2);
INSERT INTO CART VALUES ('b001', '2020050100001', 'P201000013', 5);
INSERT INTO CART VALUES ('b001', '2020050100001', 'P301000002', 5);
INSERT INTO CART VALUES ('c001', '2020050100002', 'P301000003', 6);
INSERT INTO CART VALUES ('c001', '2020050100002', 'P201000014', 3);
INSERT INTO CART VALUES ('c001', '2020050100002', 'P201000015', 7);
INSERT INTO CART VALUES ('d001', '2020050300001', 'P302000001', 4);
INSERT INTO CART VALUES ('d001', '2020050300001', 'P302000002', 3);
INSERT INTO CART VALUES ('e001', '2020050300002', 'P201000016', 8);
INSERT INTO CART VALUES ('e001', '2020050300002', 'P201000017', 21);
INSERT INTO CART VALUES ('g001', '2020050500001', 'P302000003', 4);
INSERT INTO CART VALUES ('g001', '2020050500001', 'P201000018', 11);
INSERT INTO CART VALUES ('g001', '2020050500001', 'P302000004', 3);
INSERT INTO CART VALUES ('a001', '2020050500002', 'P201000019', 12);
INSERT INTO CART VALUES ('a001', '2020050700001', 'P302000005', 5);
INSERT INTO CART VALUES ('a001', '2020050700001', 'P101000001', 3);
INSERT INTO CART VALUES ('a001', '2020050700001', 'P101000002', 1);
INSERT INTO CART VALUES ('b001', '2020050700002', 'P201000020', 2);
INSERT INTO CART VALUES ('b001', '2020050700002', 'P302000006', 6);
INSERT INTO CART VALUES ('b001', '2020050700002', 'P302000011', 7);
INSERT INTO CART VALUES ('c001', '2020051000001', 'P201000021', 5);
INSERT INTO CART VALUES ('c001', '2020051000001', 'P101000003', 2);
INSERT INTO CART VALUES ('c001', '2020051000001', 'P101000004', 4);
INSERT INTO CART VALUES ('d001', '2020051000002', 'P202000001', 6);
INSERT INTO CART VALUES ('d001', '2020051000002', 'P302000012', 8);
INSERT INTO CART VALUES ('d001', '2020051000002', 'P302000013', 3);
INSERT INTO CART VALUES ('d001', '2020051000002', 'P101000005', 5);
INSERT INTO CART VALUES ('d001', '2020051000002', 'P202000002', 7);
INSERT INTO CART VALUES ('f001', '2020051200001', 'P101000006', 6);
INSERT INTO CART VALUES ('f001', '2020051200001', 'P202000003', 8);
INSERT INTO CART VALUES ('f001', '2020051200001', 'P302000014', 4);
INSERT INTO CART VALUES ('f001', '2020051200001', 'P302000015', 5);
INSERT INTO CART VALUES ('f001', '2020051200001', 'P102000001', 1);
INSERT INTO CART VALUES ('g001', '2020051300001', 'P202000004', 9);
INSERT INTO CART VALUES ('g001', '2020051300001', 'P102000002', 2);
INSERT INTO CART VALUES ('g001', '2020051300001', 'P202000005', 11);
INSERT INTO CART VALUES ('g001', '2020051300001', 'P302000016', 6);
INSERT INTO CART VALUES ('g001', '2020051300001', 'P302000021', 3);
INSERT INTO CART VALUES ('i001', '2020051500001', 'P102000003', 3);
INSERT INTO CART VALUES ('i001', '2020051500001', 'P202000006', 12);
INSERT INTO CART VALUES ('j001', '2020051600001', 'P102000004', 4);
INSERT INTO CART VALUES ('j001', '2020051600001', 'P202000007', 17);
INSERT INTO CART VALUES ('j001', '2020051600001', 'P302000022', 1);
INSERT INTO CART VALUES ('k001', '2020051600002', 'P302000023', 3);
INSERT INTO CART VALUES ('k001', '2020051600002', 'P102000005', 5);
INSERT INTO CART VALUES ('k001', '2020051600002', 'P202000008', 21);
INSERT INTO CART VALUES ('k001', '2020051600002', 'P102000006', 6);
INSERT INTO CART VALUES ('k001', '2020051600002', 'P202000009', 13);
INSERT INTO CART VALUES ('l001', '2020051800001', 'P302000001', 4);
INSERT INTO CART VALUES ('l001', '2020051800001', 'P302000002', 6);
INSERT INTO CART VALUES ('m001', '2020051800002', 'P102000007', 3);
INSERT INTO CART VALUES ('m001', '2020051800002', 'P202000010', 23);
INSERT INTO CART VALUES ('m001', '2020051800002', 'P201000001', 5);
INSERT INTO CART VALUES ('m001', '2020051800002', 'P202000011', 25);
INSERT INTO CART VALUES ('m001', '2020051800002', 'P302000003', 7);
INSERT INTO CART VALUES ('m001', '2020051800002', 'P302000004', 2);
INSERT INTO CART VALUES ('o001', '2020052100001', 'P201000002', 2);
INSERT INTO CART VALUES ('o001', '2020052100001', 'P202000012', 5);
INSERT INTO CART VALUES ('o001', '2020052100001', 'P201000003', 5);
INSERT INTO CART VALUES ('p001', '2020052100002', 'P202000013', 7);
INSERT INTO CART VALUES ('p001', '2020052100002', 'P302000005', 3);
INSERT INTO CART VALUES ('p001', '2020052100002', 'P302000006', 1);
INSERT INTO CART VALUES ('p001', '2020052100002', 'P201000004', 6);
INSERT INTO CART VALUES ('p001', '2020052100002', 'P202000014', 6);
INSERT INTO CART VALUES ('r001', '2020052400001', 'P201000005', 2);
INSERT INTO CART VALUES ('r001', '2020052400001', 'P202000015', 5);
INSERT INTO CART VALUES ('r001', '2020052400001', 'P302000011', 4);
INSERT INTO CART VALUES ('s001', '2020052500001', 'P302000012', 2);
INSERT INTO CART VALUES ('s001', '2020052500001', 'P201000006', 3);
INSERT INTO CART VALUES ('s001', '2020052500001', 'P202000016', 4);
INSERT INTO CART VALUES ('t001', '2020052500002', 'P201000007', 1);
INSERT INTO CART VALUES ('t001', '2020052500002', 'P202000017', 3);
INSERT INTO CART VALUES ('t001', '2020052500002', 'P201000008', 6);
INSERT INTO CART VALUES ('t001', '2020052500002', 'P202000018', 2);
INSERT INTO CART VALUES ('v001', '2020052800001', 'P201000009', 3);
INSERT INTO CART VALUES ('v001', '2020052800001', 'P202000019', 1);
INSERT INTO CART VALUES ('w001', '2020052900001', 'P201000010', 2);
INSERT INTO CART VALUES ('w001', '2020052900001', 'P202000020', 9);
INSERT INTO CART VALUES ('w001', '2020052900001', 'P201000011', 3);
INSERT INTO CART VALUES ('x001', '2020052900002', 'P202000021', 8);
INSERT INTO CART VALUES ('x001', '2020052900002', 'P201000012', 4);
INSERT INTO CART VALUES ('x001', '2020052900002', 'P301000001', 7);
INSERT INTO CART VALUES ('a001', '2020060500001', 'P302000013', 2);
INSERT INTO CART VALUES ('a001', '2020060500001', 'P302000014', 11);
INSERT INTO CART VALUES ('a001', '2020060500001', 'P302000015', 2);
INSERT INTO CART VALUES ('b001', '2020060600001', 'P302000016', 9);
INSERT INTO CART VALUES ('b001', '2020060600001', 'P302000021', 2);
INSERT INTO CART VALUES ('b001', '2020060600001', 'P302000022', 8);
INSERT INTO CART VALUES ('c001', '2020061200001', 'P302000023', 2);
INSERT INTO CART VALUES ('c001', '2020061200001', 'P302000001', 7);
INSERT INTO CART VALUES ('d001', '2020061300001', 'P302000002', 2);
INSERT INTO CART VALUES ('d001', '2020061300001', 'P302000003', 6);
INSERT INTO CART VALUES ('e001', '2020061300002', 'P302000004', 2);
INSERT INTO CART VALUES ('e001', '2020061300002', 'P302000005', 5);
INSERT INTO CART VALUES ('e001', '2020062100001', 'P302000006', 2);
INSERT INTO CART VALUES ('e001', '2020062100001', 'P302000011', 4);
INSERT INTO CART VALUES ('f001', '2020062100002', 'P302000012', 2);
INSERT INTO CART VALUES ('f001', '2020062500001', 'P302000013', 3);
INSERT INTO CART VALUES ('f001', '2020062500001', 'P302000014', 2);
INSERT INTO CART VALUES ('f001', '2020062500001', 'P302000015', 1);
INSERT INTO CART VALUES ('b001', '2020070100001', 'P201000013', 5);
INSERT INTO CART VALUES ('b001', '2020070100001', 'P301000002', 5);
INSERT INTO CART VALUES ('c001', '2020070100002', 'P301000003', 6);
INSERT INTO CART VALUES ('c001', '2020070100002', 'P201000014', 3);
INSERT INTO CART VALUES ('c001', '2020070100002', 'P201000015', 7);
INSERT INTO CART VALUES ('d001', '2020070300001', 'P302000001', 4);
INSERT INTO CART VALUES ('d001', '2020070300001', 'P302000002', 3);
INSERT INTO CART VALUES ('e001', '2020070300002', 'P201000016', 8);
INSERT INTO CART VALUES ('e001', '2020070300002', 'P201000017', 21);
INSERT INTO CART VALUES ('g001', '2020070800001', 'P101000001', 3);
INSERT INTO CART VALUES ('g001', '2020070800001', 'P101000002', 1);
INSERT INTO CART VALUES ('r001', '2020070800002', 'P101000003', 2);
INSERT INTO CART VALUES ('h001', '2020071100001', 'P101000005', 5);
INSERT INTO CART VALUES ('r001', '2020071100002', 'P101000006', 6);
INSERT INTO CART VALUES ('i001', '2020071900001', 'P102000001', 1);
INSERT INTO CART VALUES ('i001', '2020071900001', 'P102000002', 2);
INSERT INTO CART VALUES ('i001', '2020071900001', 'P102000003', 3);
INSERT INTO CART VALUES ('u001', '2020071900002', 'P102000004', 4);
INSERT INTO CART VALUES ('u001', '2020071900002', 'P102000005', 5);
INSERT INTO CART VALUES ('j001', '2020072800001', 'P102000006', 6);
INSERT INTO CART VALUES ('j001', '2020072800001', 'P102000003', 3);
INSERT INTO CART VALUES ('q001', '2020072800002', 'P102000004', 4);
INSERT INTO CART VALUES ('q001', '2020072800002', 'P102000005', 5);
INSERT INTO CART VALUES ('c001', '2020072800003', 'P301000003', 2);
INSERT INTO CART VALUES ('c001', '2020072800003', 'P201000015', 2);
INSERT INTO CART VALUES ('b001', '2020072800004', 'P302000001', 6);
INSERT INTO CART VALUES ('b001', '2020072800004', 'P201000016', 15);
INSERT INTO CART VALUES ('b001', '2020072800004', 'P302000002', 2);
INSERT INTO CART VALUES ('b001', '2020072800004', 'P201000017', 2);


INSERT INTO JAVA_BOARD VALUES (1, '-', '-', '-', 'Y');
INSERT INTO JAVA_BOARD VALUES (2, '게시글2', '팔랑2', '작성자2', 'N');
INSERT INTO JAVA_BOARD VALUES (3, '게시글3', '팔랑3', '작성자3', 'N');
INSERT INTO JAVA_BOARD VALUES (4, '게시글4', '팔랑4', '작성자4', 'N');
INSERT INTO JAVA_BOARD VALUES (5, '테스트', '내용테스트', '작성자', 'N');
INSERT INTO JAVA_BOARD VALUES (6, '-1', '-', '-', 'Y');
INSERT INTO JAVA_BOARD VALUES (7, '게시글22', '팔랑2', '작성자2', 'N');
INSERT INTO JAVA_BOARD VALUES (8, '게시글33', '팔랑3', '작성자3', 'N');
INSERT INTO JAVA_BOARD VALUES (9, '게시글44', '팔랑4', '작성자4', 'N');
INSERT INTO JAVA_BOARD VALUES (10, '테스트5', '내용테스트', '작성자', 'N');
INSERT INTO JAVA_BOARD VALUES (11, '-1', '-', '-', 'Y');
INSERT INTO JAVA_BOARD VALUES (12, '게시글22', '팔랑2', '작성자2', 'N');
INSERT INTO JAVA_BOARD VALUES (13, '게시글33', '팔랑3', '작성자3', 'N');
INSERT INTO JAVA_BOARD VALUES (14, '게시글44', '팔랑4', '작성자4', 'N');
INSERT INTO JAVA_BOARD VALUES (15, '테스트5', '내용테스트', '작성자', 'N');
INSERT INTO JAVA_BOARD VALUES (16, '-16', '-', '-', 'Y');
INSERT INTO JAVA_BOARD VALUES (17, '게시글227', '팔랑2', '작성자2', 'N');
INSERT INTO JAVA_BOARD VALUES (18, '게시글338', '팔랑3', '작성자3', 'N');
INSERT INTO JAVA_BOARD VALUES (19, '게시글449', '팔랑4', '작성자4', 'N');
INSERT INTO JAVA_BOARD VALUES (20, '테스트510', '내용테스트', '작성자', 'N');


INSERT INTO JAVA_MEMBER VALUES ('123', '123', '123');
INSERT INTO JAVA_MEMBER VALUES ('java', 'java', 'java');
INSERT INTO JAVA_MEMBER VALUES ('java1', 'oracle', 'zzd');
INSERT INTO JAVA_MEMBER VALUES ('124', '124', '멍청아');
INSERT INTO JAVA_MEMBER VALUES ('TEST1', 'JAVA', '테스트');
INSERT INTO JAVA_MEMBER VALUES ('999', '999', '999');
INSERT INTO JAVA_MEMBER VALUES ('oracle', 'java', 'oraja');


INSERT INTO LPROD VALUES (1, 'P101', '컴퓨터제품');
INSERT INTO LPROD VALUES (2, 'P102', '전자제품');
INSERT INTO LPROD VALUES (3, 'P201', '여성캐주얼');
INSERT INTO LPROD VALUES (4, 'P202', '남성캐주얼');
INSERT INTO LPROD VALUES (5, 'P301', '피혁잡화');
INSERT INTO LPROD VALUES (6, 'P302', '화장품');
INSERT INTO LPROD VALUES (7, 'P401', '음반/CD');
INSERT INTO LPROD VALUES (8, 'P402', '도서');
INSERT INTO LPROD VALUES (9, 'P403', '문구류');


INSERT INTO MEMBER VALUES ('a001', 'asdfasdf', '김은대', '000315', '3406420', '2000/03/15', '135-972', '대전시 동구 용운동', '222-2번지', '042-621-4615', '042-621-4615', '010-6217-4615', 'pyoedab@lycos.co.kr', '주부', '수영', '결혼기념일', '', 1000, '');
INSERT INTO MEMBER VALUES ('b001', '1004', '이쁜이', '981204', '2900000', '1998/12/04', '700-030', '서울시 천사동 예쁜마을', '1004-29', '02-888-9999', '02-888-9999', '010-8886-9999', 'engelcd@pretty.net', '회사원', '수영', '아버님생신', '', 2300, '');
INSERT INTO MEMBER VALUES ('c001', '7777', '신용환', '980324', '1400716', '1998/03/24', '407-817', '대전광역시 중구 대흥동', '477-9', '042-123-5678', '042-123-5678', '010-1236-5678', 'kyh01e@hanmail.net', '교사', '독서', '아내생일', '', 3500, '');
INSERT INTO MEMBER VALUES ('d001', '123joy', '성윤미', '700609', '2000000', '1970/06/09', '501-705', '대전시 중구 하늘동 ', '땅 3번지', '042-222-8877', '042-222-8877', '010-2228-8877', 'dbs81f@hanmail.net', '공무원', '볼링', '결혼기념일', '', 1700, '');
INSERT INTO MEMBER VALUES ('e001', '00000000', '이혜나', '990701', '2406017', '1999/07/01', '617-800', '대전시 대덕구 읍내동', '혜강아파트', '042-432-8901', '042-432-8901', '010-4329-8901', 'bosiang@hanmail.net', '농업', '당구', '아버님생신', '', 6500, '');
INSERT INTO MEMBER VALUES ('f001', '12345678', '신영남', '000228', '3459919', '2000/02/28', '140-706', '대전광역시 대흥동', '65-33 303호', '042-253-2121', '042-253-2121', '010-2538-2121', 'SUPER-KHG@HANMAIL.NET', '주부', '볼링', '아내생일', '', 2700, '');
INSERT INTO MEMBER VALUES ('g001', '1456', '송경희', '020111', '4403414', '2002/01/11', '339-841', '충남금산군 제원면', '심내리123-1', '0412-356-3578', '0412-356-3578', '010-3565-3578', 'lim052@hanmail.net', '주부', '스키', '결혼기념일', '', 800, '');
INSERT INTO MEMBER VALUES ('h001', '9999', '라준호', '980928', '1455822', '1998/09/28', '339-841', '충남 논산시 양촌면', '산직3구 345', '042-522-1679', '042-522-1679', '010-5229-1679', 'wingl7@hanmail.net', '회사원', '독서', '아내생일', '', 1500, '');
INSERT INTO MEMBER VALUES ('i001', '1111', '최지현', '990220', '2384719', '1999/02/20', '306-702', '대전시 동구 가양1동', '768-12', '042-614-6914', '042-614-6914', '010-6145-6914', 'pan@orgio.net', '공무원', '등산', '남편생일', '', 900, '');
INSERT INTO MEMBER VALUES ('j001', '6262', '김윤희', '991219', '2448920', '1999/12/19', '306-702', '대전시 서구 삼천동', '한신아파트305동309호', '042-332-8976', '042-332-8976', '010-3321-8976', 'maxsys@hanmail.net', '농업', '개그', '결혼기념일', '', 1100, '');
INSERT INTO MEMBER VALUES ('k001', '7227', '오철희', '860323', '1449311', '1986/03/23', '306-702', '대전시 대덕구 대화동', '34-567', '042-157-8765', '042-157-8765', '010-1572-8765', 'equus@orgio.net', '자영업', '서예', '아내생일', '', 3700, '');
INSERT INTO MEMBER VALUES ('l001', '12345678', '구길동', '030214', '3234566', '2003/02/14', '339-841', '충남금산군 금산읍', ' 하리35-322', '0412-322-8865', '0412-322-8865', '010-3223-8865', 'email815@hanmail.co.kr', '자영업', '바둑', '결혼기념일', '', 5300, '');
INSERT INTO MEMBER VALUES ('m001', 'pass', '박지은', '990515', '2555555', '1999/05/15', '306-702', '대전광역시 서구 갈마동', '인성아파트 234동 907호', '042-252-0675', '042-252-0675', '010-2521-0675', 'happy@hanmail.net', '은행원', '등산', '아버님생신', '', 1300, '');
INSERT INTO MEMBER VALUES ('n001', '1111', '탁원재', '990523', '1011014', '1999/05/23', '306-702', '대전시 동구 자양동', '32-23', '042-632-2176', '042-632-2176', '010-6322-2176', 'ping75@unitel.co.kr', '축산업', '낚시', '결혼기념일', '', 2700, '');
INSERT INTO MEMBER VALUES ('o001', '0909', '배인정', '021130', '4447619', '2002/11/30', '306-702', '대전시 서구 갈마동', '경성아파트502동1101호', '042-622-5971', '042-622-5971', '010-6221-5971', 'tar-song@hanmail.net', '회사원', '등산', '어머님생신', '', 2600, '');
INSERT INTO MEMBER VALUES ('p001', 'sahra3', '오성순', '971005', '2458323', '1997/10/05', '306-702', '대전유성구송강동', '한솔아파트 703동 407호', '042-810-7658', '042-810-7658', '010-8103-7658', 'sahra235@intz.com', '공무원', '독서', '남편생일', '', 2200, '');
INSERT INTO MEMBER VALUES ('q001', '0000', '육평회', '961220', '1402722', '1996/12/20', '306-702', '대구광역시 대덕구 중리동', '678-43', '042-823-2359', '042-823-2359', '010-8232-2359', 'kph@hanmail.net', '자영업', '만화', '결혼기념일', '', 1500, '');
INSERT INTO MEMBER VALUES ('r001', 'park1005', '정은실', '010320', '4382532', '2001/03/20', '306-702', '대전시 동구 용전동', '321-25', '042-533-8768', '042-533-8768', '010-5335-8768', 'econie@hanmail.net', '학생', '장기', '어머님생신', '', 700, '');
INSERT INTO MEMBER VALUES ('s001', '0819', '안은정', '011019', '4459927', '2001/10/19', '306-702', '대구광역시 서구 탄방동', '산호아파트 107동 802호', '042-222-8155', '042-222-8155', '010-2228-8155', 'songej@hanmail.net', '공무원', '바둑', '결혼기념일', '', 3500, '');
INSERT INTO MEMBER VALUES ('t001', '0506', '성원태', '000706', '3454731', '2000/07/06', '306-702', '대전광역시 중구 유천동', '한사랑아파트 302동 504호', '042-272-8657', '042-272-8657', '010-2725-8657', 'bob6@hanmail.net', '학생', '카레이싱', '결혼기념일', '', 2200, '');
INSERT INTO MEMBER VALUES ('u001', '1000', '김성욱', '971210', '1460111', '1997/12/10', '306-702', '대전시 동구 용전동', '76-54', '042-273-9056', '042-273-9056', '010-2734-9056', 'pss576@orgio.net', '주부', '영화감상', '결혼기념일', '', 2700, '');
INSERT INTO MEMBER VALUES ('v001', '00001111', '이진영', '760331', '2402712', '1976/03/31', '306-702', '대전시 동구 용전동', '566-39번지', '042-240-8766', '042-240-8766', '010-2406-8766', 'gagsong@orgio.net', '자영업', '낚시', '남편생일', '', 4300, '');
INSERT INTO MEMBER VALUES ('w001', '12341234', '김형모', '880213', '1111111', '1988/02/13', '306-702', '대전시 대덕구 연축동', '23-43', '02-345-9877', '02-345-9877', '010-3452-9877', 'songone@hanmail.net', '학생', '등산', '결혼기념일', '', 2700, '');
INSERT INTO MEMBER VALUES ('x001', '0000', '진현경', '010519', '4110222', '2001/05/19', '306-702', '대전광역시 동구 오정동', '43-26', '042-223-8767', '042-223-8767', '010-2238-8767', 'happysong@hanmail.net', '주부', '독서', '결혼기념일', '', 8700, '');


INSERT INTO PROD VALUES ('P101000001', '모니터 삼성전자15인치칼라', 'P101', 'P10101', 210000, 290000, 230000, '평면모니터의 기적', '', 'P101000001.gif', 0, '2020/01/10', 33, '15인치', '', '파손 주의', 'EA', 0, 0, 126);
INSERT INTO PROD VALUES ('P101000002', '모니터 삼성전자17인치칼라', 'P101', 'P10101', 310000, 390000, 330000, '평면모니터의 기적', '', 'P101000002.gif', 0, '2020/01/10', 23, '17인치', '', '파손 주의', 'EA', 0, 0, 186);
INSERT INTO PROD VALUES ('P101000003', '모니터 삼성전자19인치칼라', 'P101', 'P10101', 410000, 490000, 430000, '평면모니터의 기적', '', 'P101000003.gif', 0, '2020/01/10', 15, '19인치', '', '파손 주의', 'EA', 0, 0, 246);
INSERT INTO PROD VALUES ('P101000004', '삼보컴퓨터 P-III 600Mhz', 'P101', 'P10102', 1150000, 1780000, 1330000, '쉬운 인터넷을.....', '', 'P101000004.gif', 0, '2020/02/08', 22, '', '', '파손 주의', 'EA', 0, 0, 690);
INSERT INTO PROD VALUES ('P101000005', '삼보컴퓨터 P-III 700Mhz', 'P101', 'P10102', 2150000, 2780000, 2330000, '쉬운 인터넷을.....', '', 'P101000005.gif', 0, '2020/02/08', 31, '', '', '파손 주의', 'EA', 0, 0, 1290);
INSERT INTO PROD VALUES ('P101000006', '삼보컴퓨터 P-III 800Mhz', 'P101', 'P10102', 3150000, 3780000, 3330000, '쉬운 인터넷을.....', '', 'P101000006.gif', 0, '2020/02/08', 17, '', '', '파손 주의', 'EA', 0, 0, 1890);
INSERT INTO PROD VALUES ('P102000001', '대우 칼라 TV 25인치', 'P102', 'P10201', 690000, 820000, 720000, '집안에 영화관을.....', '', 'P102000001.gif', 0, '2020/02/22', 53, '25인치', '흑색', '파손 주의', 'EA', 0, 0, 414);
INSERT INTO PROD VALUES ('P102000002', '대우 칼라 TV 29인치', 'P102', 'P10201', 890000, 1020000, 920000, '집안에 영화관을.....', '', 'P102000002.gif', 0, '2020/02/22', 21, '29인치', '흑색', '파손 주의', 'EA', 0, 0, 534);
INSERT INTO PROD VALUES ('P102000003', '삼성 칼라 TV 21인치', 'P102', 'P10202', 590000, 720000, 620000, '집안에 영화관을.....', '', 'P102000003.gif', 0, '2020/01/22', 11, '21인치', '은색', '파손 주의', 'EA', 0, 0, 354);
INSERT INTO PROD VALUES ('P102000004', '삼성 칼라 TV 29인치', 'P102', 'P10202', 990000, 1120000, 1020000, '집안에 영화관을.....', '', 'P102000004.gif', 0, '2020/01/22', 19, '29인치', '은색', '파손 주의', 'EA', 0, 0, 594);
INSERT INTO PROD VALUES ('P102000005', '삼성 칼라 TV 53인치', 'P102', 'P10202', 1990000, 2120000, 2020000, '집안에 영화관을.....', '', 'P102000005.gif', 0, '2020/01/22', 8, '53인치', '은색', '파손 주의', 'EA', 0, 0, 1194);
INSERT INTO PROD VALUES ('P102000006', '삼성 캠코더', 'P102', 'P10202', 660000, 880000, 770000, '가족과 영화촬영을.....', '', 'P102000006.gif', 0, '2020/02/23', 17, '', '', '파손 주의', 'EA', 0, 0, 396);
INSERT INTO PROD VALUES ('P102000007', '대우 VTR 6헤드', 'P102', 'P10201', 550000, 760000, 610000, '선명한 화질', '', 'P102000007.gif', 0, '2020/01/23', 36, '', '', '파손 주의', 'EA', 0, 0, 330);
INSERT INTO PROD VALUES ('P201000001', '여성 봄 셔츠 1', 'P201', 'P20101', 21000, 42000, 27000, '파릇한 봄을 위한', '', 'P201000001.gif', 0, '2020/01/09', 9, 's', '청색', '세탁 주의', 'EA', 0, 0, 12);
INSERT INTO PROD VALUES ('P201000002', '여성 봄 셔츠 2', 'P201', 'P20101', 22000, 43000, 28000, '파릇한 봄을 위한', '', 'P201000002.gif', 0, '2020/01/09', 9, 'M', '흰색', '세탁 주의', 'EA', 0, 0, 13);
INSERT INTO PROD VALUES ('P201000003', '여성 봄 셔츠 3', 'P201', 'P20101', 23000, 44000, 29000, '파릇한 봄을 위한', '', 'P201000003.gif', 0, '2020/01/09', 9, 'L', '감색', '세탁 주의', 'EA', 0, 0, 13);
INSERT INTO PROD VALUES ('P201000004', '여성 여름 셔츠 1', 'P201', 'P20101', 12000, 21000, 25000, '시원한 여름을 위한', '', 'P201000004.gif', 0, '2020/01/11', 9, 's', '청색', '세탁 주의', 'EA', 0, 0, 7);
INSERT INTO PROD VALUES ('P201000005', '여성 여름 셔츠 2', 'P201', 'P20101', 13000, 22000, 26000, '시원한 여름을 위한', '', 'P201000005.gif', 0, '2020/01/11', 9, 'M', '흰색', '세탁 주의', 'EA', 0, 0, 7);
INSERT INTO PROD VALUES ('P201000006', '여성 여름 셔츠 3', 'P201', 'P20101', 14000, 23000, 27000, '시원한 여름을 위한', '', 'P201000006.gif', 0, '2020/01/11', 9, 'L', '감색', '세탁 주의', 'EA', 0, 0, 8);
INSERT INTO PROD VALUES ('P201000007', '여성 겨울 라운드 셔츠 1', 'P201', 'P20101', 31000, 45000, 33000, '따뜻한 겨울을 위한', '', 'P201000007.gif', 0, '2020/01/25', 9, 's', '청색', '세탁 주의', 'EA', 0, 0, 18);
INSERT INTO PROD VALUES ('P201000008', '여성 겨울 라운드 셔츠 2', 'P201', 'P20101', 32000, 46000, 34000, '따뜻한 겨울을 위한', '', 'P201000008.gif', 0, '2020/01/25', 9, 'M', '흰색', '세탁 주의', 'EA', 0, 0, 19);
INSERT INTO PROD VALUES ('P201000009', '여성 겨울 라운드 셔츠 3', 'P201', 'P20101', 33000, 47000, 35000, '따뜻한 겨울을 위한', '', 'P201000009.gif', 0, '2020/01/25', 9, 'L', '감색', '세탁 주의', 'EA', 0, 0, 19);
INSERT INTO PROD VALUES ('P201000010', '여성 청바지 1', 'P201', 'P20102', 55000, 66000, 57000, '편리한 활동파를 위한', '', 'P201000010.gif', 0, '2020/01/31', 38, '30', '', '세탁 주의', 'EA', 0, 0, 33);
INSERT INTO PROD VALUES ('P201000011', '여성 청바지 2', 'P201', 'P20102', 56000, 67000, 58000, '편리한 활동파를 위한', '', 'P201000011.gif', 0, '2020/01/31', 35, '32', '', '세탁 주의', 'EA', 0, 0, 33);
INSERT INTO PROD VALUES ('P201000012', '여성 청바지 3', 'P201', 'P20102', 57000, 68000, 59000, '편리한 활동파를 위한', '', 'P201000012.gif', 0, '2020/01/31', 33, '34', '', '세탁 주의', 'EA', 0, 0, 34);
INSERT INTO PROD VALUES ('P201000013', '여성 봄 자켓 1', 'P201', 'P20101', 110000, 210000, 170000, '편리한 활동파의 봄을 위한', '', 'P201000013.gif', 0, '2020/02/18', 16, '66', '청색', '세탁 주의', 'EA', 0, 0, 66);
INSERT INTO PROD VALUES ('P201000014', '여성 봄 자켓 2', 'P201', 'P20101', 120000, 220000, 180000, '편리한 활동파의 봄을 위한', '', 'P201000014.gif', 0, '2020/02/18', 18, '77', '흰색', '세탁 주의', 'EA', 0, 0, 72);
INSERT INTO PROD VALUES ('P201000015', '여성 봄 자켓 3', 'P201', 'P20101', 130000, 230000, 190000, '편리한 활동파의 봄을 위한', '', 'P201000015.gif', 0, '2020/02/18', 17, '88', '감색', '세탁 주의', 'EA', 0, 0, 78);
INSERT INTO PROD VALUES ('P201000016', '여성 여름 자켓 1', 'P201', 'P20102', 100000, 160000, 130000, '편리한 활동파의 여름을 위한', '', 'P201000016.gif', 0, '2020/02/21', 12, '66', '청색', '세탁 주의', 'EA', 0, 0, 60);
INSERT INTO PROD VALUES ('P201000017', '여성 여름 자켓 2', 'P201', 'P20102', 110000, 170000, 140000, '편리한 활동파의 여름을 위한', '', 'P201000017.gif', 0, '2020/02/21', 21, '77', '흰색', '세탁 주의', 'EA', 0, 0, 66);
INSERT INTO PROD VALUES ('P201000018', '여성 여름 자켓 3', 'P201', 'P20102', 120000, 180000, 150000, '편리한 활동파의 여름을 위한', '', 'P201000018.gif', 0, '2020/02/21', 11, '77', '감색', '세탁 주의', 'EA', 0, 0, 72);
INSERT INTO PROD VALUES ('P201000019', '여성 겨울 자켓 1', 'P201', 'P20102', 210000, 270000, 240000, '편리한 활동파의 따뜻한 겨울을 위한', '', 'P201000019.gif', 0, '2020/02/29', 22, '66', '청색', '세탁 주의', 'EA', 0, 0, 126);
INSERT INTO PROD VALUES ('P201000020', '여성 겨울 자켓 2', 'P201', 'P20102', 220000, 280000, 250000, '편리한 활동파의 따뜻한 겨울을 위한', '', 'P201000020.gif', 0, '2020/02/29', 29, '77', '흰색', '세탁 주의', 'EA', 0, 0, 132);
INSERT INTO PROD VALUES ('P201000021', '여성 겨울 자켓 3', 'P201', 'P20102', 230000, 290000, 260000, '편리한 활동파의 따뜻한 겨울을 위한', '', 'P201000021.gif', 0, '2020/02/29', 19, '88', '감색', '세탁 주의', 'EA', 0, 0, 138);
INSERT INTO PROD VALUES ('P202000001', '남성 봄 셔츠 1', 'P202', 'P20201', 10000, 19000, 15000, '파릇한 봄을 위한', '', 'P202000001.gif', 0, '2020/01/05', 9, 'M', '청색', '세탁 주의', 'EA', 0, 0, 6);
INSERT INTO PROD VALUES ('P202000002', '남성 봄 셔츠 2', 'P202', 'P20201', 13000, 22000, 18000, '파릇한 봄을 위한', '', 'P202000002.gif', 0, '2020/01/05', 9, 'L', '흰색', '세탁 주의', 'EA', 0, 0, 7);
INSERT INTO PROD VALUES ('P202000003', '남성 봄 셔츠 3', 'P202', 'P20201', 15000, 24000, 20000, '파릇한 봄을 위한', '', 'P202000003.gif', 0, '2020/01/05', 9, 'XL', '감색', '세탁 주의', 'EA', 0, 0, 9);
INSERT INTO PROD VALUES ('P202000004', '남성 여름 셔츠 1', 'P202', 'P20201', 18000, 28000, 23000, '시원한 여름을 위한', '', 'P202000004.gif', 0, '2020/02/05', 9, 'M', '청색', '세탁 주의', 'EA', 0, 0, 10);
INSERT INTO PROD VALUES ('P202000005', '남성 여름 셔츠 2', 'P202', 'P20201', 23000, 33000, 28000, '시원한 여름을 위한', '', 'P202000005.gif', 0, '2020/02/05', 9, 'L', '흰색', '세탁 주의', 'EA', 0, 0, 13);
INSERT INTO PROD VALUES ('P202000006', '남성 여름 셔츠 3', 'P202', 'P20201', 28000, 38000, 33000, '시원한 여름을 위한', '', 'P202000006.gif', 0, '2020/02/05', 9, 'XL', '감색', '세탁 주의', 'EA', 0, 0, 16);
INSERT INTO PROD VALUES ('P202000007', '남성 겨울 라운드 셔츠 1', 'P202', 'P20201', 25000, 42000, 31000, '따뜻한 겨울을 위한', '', 'P202000007.gif', 0, '2020/01/13', 9, 'M', '청색', '세탁 주의', 'EA', 0, 0, 15);
INSERT INTO PROD VALUES ('P202000008', '남성 겨울 라운드 셔츠 2', 'P202', 'P20201', 27000, 43000, 33000, '따뜻한 겨울을 위한', '', 'P202000008.gif', 0, '2020/01/13', 9, 'L', '흰색', '세탁 주의', 'EA', 0, 0, 16);
INSERT INTO PROD VALUES ('P202000009', '남성 겨울 라운드 셔츠 3', 'P202', 'P20201', 28500, 44000, 35000, '따뜻한 겨울을 위한', '', 'P202000009.gif', 0, '2020/01/13', 9, 'XL', '감색', '세탁 주의', 'EA', 0, 0, 17);
INSERT INTO PROD VALUES ('P202000010', '남성 청바지 1', 'P202', 'P20202', 55000, 66000, 58000, '편리한 활동파를 위한', '', 'P202000010.gif', 0, '2020/01/16', 38, '30', '', '세탁 주의', 'EA', 0, 0, 33);
INSERT INTO PROD VALUES ('P202000011', '남성 청바지 2', 'P202', 'P20202', 55000, 66000, 58000, '편리한 활동파를 위한', '', 'P202000011.gif', 0, '2020/01/16', 35, '32', '', '세탁 주의', 'EA', 0, 0, 33);
INSERT INTO PROD VALUES ('P202000012', '남성 청바지 3', 'P202', 'P20202', 55000, 66000, 58000, '편리한 활동파를 위한', '', 'P202000012.gif', 0, '2020/01/16', 33, '34', '', '세탁 주의', 'EA', 0, 0, 33);
INSERT INTO PROD VALUES ('P202000013', '남성 봄 자켓 1', 'P202', 'P20201', 110000, 230000, 150000, '편리한 활동파의 봄을 위한', '', 'P202000013.gif', 0, '2020/02/17', 16, 'M', '청색', '세탁 주의', 'EA', 0, 0, 66);
INSERT INTO PROD VALUES ('P202000014', '남성 봄 자켓 2', 'P202', 'P20201', 120000, 230000, 160000, '편리한 활동파의 봄을 위한', '', 'P202000014.gif', 0, '2020/02/17', 18, 'L', '흰색', '세탁 주의', 'EA', 0, 0, 72);
INSERT INTO PROD VALUES ('P202000015', '남성 봄 자켓 3', 'P202', 'P20201', 130000, 230000, 170000, '편리한 활동파의 봄을 위한', '', 'P202000015.gif', 0, '2020/02/17', 17, 'XL', '감색', '세탁 주의', 'EA', 0, 0, 78);
INSERT INTO PROD VALUES ('P202000016', '남성 여름 자켓 1', 'P202', 'P20202', 99000, 160000, 130000, '편리한 활동파의 여름을 위한', '', 'P202000016.gif', 0, '2020/02/06', 12, 'M', '청색', '세탁 주의', 'EA', 0, 0, 59);
INSERT INTO PROD VALUES ('P202000017', '남성 여름 자켓 2', 'P202', 'P20202', 109000, 170000, 150000, '편리한 활동파의 여름을 위한', '', 'P202000017.gif', 0, '2020/02/06', 21, 'L', '흰색', '세탁 주의', 'EA', 0, 0, 65);
INSERT INTO PROD VALUES ('P202000018', '남성 여름 자켓 3', 'P202', 'P20202', 159000, 190000, 170000, '편리한 활동파의 여름을 위한', '', 'P202000018.gif', 0, '2020/02/06', 11, 'XL', '감색', '세탁 주의', 'EA', 0, 0, 95);
INSERT INTO PROD VALUES ('P202000019', '남성 겨울 자켓 1', 'P202', 'P20202', 210000, 370000, 280000, '편리한 활동파의 따뜻한 겨울을 위한', '', 'P202000019.gif', 0, '2020/02/20', 22, 'M', '청색', '세탁 주의', 'EA', 0, 0, 126);
INSERT INTO PROD VALUES ('P202000020', '남성 겨울 자켓 2', 'P202', 'P20202', 220000, 370000, 290000, '편리한 활동파의 따뜻한 겨울을 위한', '', 'P202000020.gif', 0, '2020/02/20', 29, 'L', '흰색', '세탁 주의', 'EA', 0, 0, 132);
INSERT INTO PROD VALUES ('P202000021', '남성 겨울 자켓 3', 'P202', 'P20202', 230000, 370000, 300000, '편리한 활동파의 따뜻한 겨울을 위한', '', 'P202000021.gif', 0, '2020/02/20', 19, 'XL', '감색', '세탁 주의', 'EA', 0, 0, 138);
INSERT INTO PROD VALUES ('P301000001', '악어 가죽 혁대', 'P301', 'P30101', 21000, 21000, 33000, '멋진 혁대를 선물로.....', '', 'P301000001.gif', 0, '2020/01/15', 32, '', '', '', 'EA', 0, 0, 12);
INSERT INTO PROD VALUES ('P301000002', '물소 가죽 장지갑', 'P301', 'P30101', 17000, 17000, 29000, '멋진 지갑을 선물로.....', '', 'P301000002.gif', 0, '2020/01/15', 52, '', '', '', 'EA', 0, 0, 10);
INSERT INTO PROD VALUES ('P301000003', '여성용 손지갑', 'P301', 'P30101', 22000, 22000, 26000, '멋진 지갑을 선물로.....', '', 'P301000003.gif', 0, '2020/02/15', 22, '', '', '', 'EA', 0, 0, 13);
INSERT INTO PROD VALUES ('P301000004', '여성용 캐쥬얼 벨트', 'P301', 'P30101', 27000, 27000, 29000, '멋진 벨트를 선물로.....', '', 'P301000004.gif', 0, '2020/02/15', 21, '', '', '', 'EA', 0, 0, 16);
INSERT INTO PROD VALUES ('P302000001', '향수 NO 5', 'P302', 'P30201', 89000, 110000, 93000, '향기를 동반한.....', '', 'P302000001.gif', 0, '2020/01/24', 11, '', '', '', 'EA', 0, 0, 53);
INSERT INTO PROD VALUES ('P302000002', '샤넬 NO 7', 'P302', 'P30201', 99000, 120000, 103000, '향기를 동반한.....', '', 'P302000002.gif', 0, '2020/01/24', 17, '', '', '', 'EA', 0, 0, 59);
INSERT INTO PROD VALUES ('P302000003', '남성용 스킨', 'P302', 'P30201', 19000, 32000, 21000, '세안후 바르는.....', '', 'P302000003.gif', 0, '2020/01/24', 21, '', '', '', 'EA', 0, 0, 11);
INSERT INTO PROD VALUES ('P302000004', '남성용 로숀', 'P302', 'P30201', 21000, 33000, 23000, '세안후 바르는.....', '', 'P302000004.gif', 0, '2020/02/12', 19, '', '', '', 'EA', 0, 0, 12);
INSERT INTO PROD VALUES ('P302000005', '여성용 스킨', 'P302', 'P30201', 18000, 31000, 20000, '세안후 바르는.....', '', 'P302000005.gif', 0, '2020/02/12', 21, '', '', '', 'EA', 0, 0, 10);
INSERT INTO PROD VALUES ('P302000006', '여성용 로숀', 'P302', 'P30201', 20000, 32000, 22000, '세안후 바르는.....', '', 'P302000006.gif', 0, '2020/02/12', 19, '', '', '', 'EA', 0, 0, 12);
INSERT INTO PROD VALUES ('P302000011', '남성 향수', 'P302', 'P30202', 59000, 70000, 63000, '좋은 향기를 동반한.....', '', 'P302000011.gif', 0, '2020/01/13', 21, '', '', '', 'EA', 0, 0, 35);
INSERT INTO PROD VALUES ('P302000012', '여성 향수', 'P302', 'P30202', 89000, 110000, 93000, '좋은향기를 동반한.....', '', 'P302000012.gif', 0, '2020/01/13', 27, '', '', '', 'EA', 0, 0, 53);
INSERT INTO PROD VALUES ('P302000013', '립스틱', 'P302', 'P30202', 17000, 27000, 23000, '세안후 바르는 좋은.....', '', 'P302000013.gif', 0, '2020/01/13', 11, '', '', '', 'EA', 0, 0, 10);
INSERT INTO PROD VALUES ('P302000014', '면도크림', 'P302', 'P30202', 25000, 32000, 26000, '세안후 바르는 좋은.....', '', 'P302000014.gif', 0, '2020/01/14', 29, '', '', '', 'EA', 0, 0, 15);
INSERT INTO PROD VALUES ('P302000015', '화운데이션', 'P302', 'P30202', 22000, 32000, 23000, '세안후 바르는 좋은.....', '', 'P302000015.gif', 0, '2020/01/14', 15, '', '', '', 'EA', 0, 0, 13);
INSERT INTO PROD VALUES ('P302000016', '머드팩', 'P302', 'P30202', 120000, 220000, 172000, '세안후 바르는 좋은.....', '', 'P302000016.gif', 0, '2020/01/14', 32, '', '', '', 'EA', 0, 0, 72);
INSERT INTO PROD VALUES ('P302000021', '참존 기초화장품', 'P302', 'P30203', 23500, 37500, 26000, '피부를 산뜻하게.....', '', 'P302000021.gif', 0, '2020/01/28', 25, '', '', '', 'EA', 0, 0, 14);
INSERT INTO PROD VALUES ('P302000022', '참존 여성 향수', 'P302', 'P30203', 78500, 98500, 83000, '좋은향기와 피부를 산뜻하게.....', '', 'P302000022.gif', 0, '2020/01/28', 53, '', '', '', 'EA', 0, 0, 47);
INSERT INTO PROD VALUES ('P302000023', '참존 립스틱', 'P302', 'P30203', 21500, 26500, 22500, '좋은 피부를 산뜻하게.....', '', 'P302000023.gif', 0, '2020/01/28', 17, '', '', '', 'EA', 0, 0, 12);


INSERT INTO REMAIN VALUES ('2020', 'P101000001', 33, 22, 0, 55, '2020/01/31');
INSERT INTO REMAIN VALUES ('2020', 'P101000002', 23, 23, 0, 46, '2020/01/31');
INSERT INTO REMAIN VALUES ('2020', 'P101000003', 15, 21, 0, 36, '2020/01/31');
INSERT INTO REMAIN VALUES ('2020', 'P101000004', 22, 0, 0, 22, '2020/01/01');
INSERT INTO REMAIN VALUES ('2020', 'P101000005', 31, 0, 0, 31, '2020/01/01');
INSERT INTO REMAIN VALUES ('2020', 'P101000006', 17, 0, 0, 17, '2020/01/01');
INSERT INTO REMAIN VALUES ('2020', 'P102000001', 53, 0, 0, 53, '2020/01/01');
INSERT INTO REMAIN VALUES ('2020', 'P102000002', 21, 0, 0, 21, '2020/01/01');
INSERT INTO REMAIN VALUES ('2020', 'P102000003', 11, 11, 0, 22, '2020/01/31');
INSERT INTO REMAIN VALUES ('2020', 'P102000004', 19, 13, 0, 32, '2020/01/31');
INSERT INTO REMAIN VALUES ('2020', 'P102000005', 8, 22, 0, 30, '2020/01/31');
INSERT INTO REMAIN VALUES ('2020', 'P102000006', 17, 0, 0, 17, '2020/01/01');
INSERT INTO REMAIN VALUES ('2020', 'P102000007', 36, 52, 0, 88, '2020/01/31');
INSERT INTO REMAIN VALUES ('2020', 'P201000001', 9, 21, 0, 30, '2020/01/31');
INSERT INTO REMAIN VALUES ('2020', 'P201000002', 9, 13, 0, 22, '2020/01/31');
INSERT INTO REMAIN VALUES ('2020', 'P201000003', 9, 15, 0, 24, '2020/01/31');
INSERT INTO REMAIN VALUES ('2020', 'P201000004', 9, 15, 0, 24, '2020/01/31');
INSERT INTO REMAIN VALUES ('2020', 'P201000005', 9, 32, 0, 41, '2020/01/31');
INSERT INTO REMAIN VALUES ('2020', 'P201000006', 9, 11, 0, 20, '2020/01/31');
INSERT INTO REMAIN VALUES ('2020', 'P201000007', 9, 19, 0, 28, '2020/01/31');
INSERT INTO REMAIN VALUES ('2020', 'P201000008', 9, 22, 0, 31, '2020/01/31');
INSERT INTO REMAIN VALUES ('2020', 'P201000009', 9, 26, 0, 35, '2020/01/31');
INSERT INTO REMAIN VALUES ('2020', 'P201000010', 38, 0, 0, 38, '2020/01/01');
INSERT INTO REMAIN VALUES ('2020', 'P201000011', 35, 0, 0, 35, '2020/01/01');
INSERT INTO REMAIN VALUES ('2020', 'P201000012', 33, 0, 0, 33, '2020/01/01');
INSERT INTO REMAIN VALUES ('2020', 'P201000013', 16, 0, 0, 16, '2020/01/01');
INSERT INTO REMAIN VALUES ('2020', 'P201000014', 18, 0, 0, 18, '2020/01/01');
INSERT INTO REMAIN VALUES ('2020', 'P201000015', 17, 0, 0, 17, '2020/01/01');
INSERT INTO REMAIN VALUES ('2020', 'P201000016', 12, 0, 0, 12, '2020/01/01');
INSERT INTO REMAIN VALUES ('2020', 'P201000017', 21, 0, 0, 21, '2020/01/01');
INSERT INTO REMAIN VALUES ('2020', 'P201000018', 11, 0, 0, 11, '2020/01/01');
INSERT INTO REMAIN VALUES ('2020', 'P201000019', 22, 0, 0, 22, '2020/01/01');
INSERT INTO REMAIN VALUES ('2020', 'P201000020', 29, 0, 0, 29, '2020/01/01');
INSERT INTO REMAIN VALUES ('2020', 'P201000021', 19, 0, 0, 19, '2020/01/01');
INSERT INTO REMAIN VALUES ('2020', 'P202000001', 9, 18, 0, 27, '2020/01/31');
INSERT INTO REMAIN VALUES ('2020', 'P202000002', 9, 19, 0, 28, '2020/01/31');
INSERT INTO REMAIN VALUES ('2020', 'P202000003', 9, 11, 0, 20, '2020/01/31');
INSERT INTO REMAIN VALUES ('2020', 'P202000004', 9, 0, 0, 9, '2020/01/01');
INSERT INTO REMAIN VALUES ('2020', 'P202000005', 9, 0, 0, 9, '2020/01/01');
INSERT INTO REMAIN VALUES ('2020', 'P202000006', 9, 0, 0, 9, '2020/01/01');
INSERT INTO REMAIN VALUES ('2020', 'P202000007', 9, 22, 0, 31, '2020/01/31');
INSERT INTO REMAIN VALUES ('2020', 'P202000008', 9, 33, 0, 42, '2020/01/31');
INSERT INTO REMAIN VALUES ('2020', 'P202000009', 9, 14, 0, 23, '2020/01/31');
INSERT INTO REMAIN VALUES ('2020', 'P202000010', 38, 21, 0, 59, '2020/01/31');
INSERT INTO REMAIN VALUES ('2020', 'P202000011', 35, 91, 0, 126, '2020/01/31');
INSERT INTO REMAIN VALUES ('2020', 'P202000012', 33, 15, 0, 48, '2020/01/31');
INSERT INTO REMAIN VALUES ('2020', 'P202000013', 16, 0, 0, 16, '2020/01/01');
INSERT INTO REMAIN VALUES ('2020', 'P202000014', 18, 0, 0, 18, '2020/01/01');
INSERT INTO REMAIN VALUES ('2020', 'P202000015', 17, 0, 0, 17, '2020/01/01');
INSERT INTO REMAIN VALUES ('2020', 'P202000016', 12, 0, 0, 12, '2020/01/01');
INSERT INTO REMAIN VALUES ('2020', 'P202000017', 21, 0, 0, 21, '2020/01/01');
INSERT INTO REMAIN VALUES ('2020', 'P202000018', 11, 0, 0, 11, '2020/01/01');
INSERT INTO REMAIN VALUES ('2020', 'P202000019', 22, 0, 0, 22, '2020/01/01');
INSERT INTO REMAIN VALUES ('2020', 'P202000020', 29, 0, 0, 29, '2020/01/01');
INSERT INTO REMAIN VALUES ('2020', 'P202000021', 19, 0, 0, 19, '2020/01/01');
INSERT INTO REMAIN VALUES ('2020', 'P301000001', 32, 15, 0, 47, '2020/01/31');
INSERT INTO REMAIN VALUES ('2020', 'P301000002', 52, 19, 0, 71, '2020/01/31');
INSERT INTO REMAIN VALUES ('2020', 'P301000003', 22, 0, 0, 22, '2020/01/01');
INSERT INTO REMAIN VALUES ('2020', 'P301000004', 21, 0, 0, 21, '2020/01/01');
INSERT INTO REMAIN VALUES ('2020', 'P302000001', 11, 253, 0, 264, '2020/01/31');
INSERT INTO REMAIN VALUES ('2020', 'P302000002', 17, 31, 0, 48, '2020/01/31');
INSERT INTO REMAIN VALUES ('2020', 'P302000003', 21, 197, 0, 218, '2020/01/31');
INSERT INTO REMAIN VALUES ('2020', 'P302000004', 19, 0, 0, 19, '2020/01/01');
INSERT INTO REMAIN VALUES ('2020', 'P302000005', 21, 0, 0, 21, '2020/01/01');
INSERT INTO REMAIN VALUES ('2020', 'P302000006', 19, 0, 0, 19, '2020/01/01');
INSERT INTO REMAIN VALUES ('2020', 'P302000011', 21, 125, 0, 146, '2020/01/31');
INSERT INTO REMAIN VALUES ('2020', 'P302000012', 27, 16, 0, 43, '2020/01/31');
INSERT INTO REMAIN VALUES ('2020', 'P302000013', 11, 13, 0, 24, '2020/01/31');
INSERT INTO REMAIN VALUES ('2020', 'P302000014', 29, 21, 0, 50, '2020/01/31');
INSERT INTO REMAIN VALUES ('2020', 'P302000015', 15, 33, 0, 48, '2020/01/31');
INSERT INTO REMAIN VALUES ('2020', 'P302000016', 32, 17, 0, 49, '2020/01/31');
INSERT INTO REMAIN VALUES ('2020', 'P302000021', 25, 23, 0, 48, '2020/01/31');
INSERT INTO REMAIN VALUES ('2020', 'P302000022', 53, 17, 0, 70, '2020/01/31');
INSERT INTO REMAIN VALUES ('2020', 'P302000023', 17, 15, 0, 32, '2020/01/31');